id;sex;age;height;weight;headband;college;tattoos;parrots;favorite.pirate;sword.type;eyepatch;sword.time;beard.length;fav.pixar
1;male;28;173,11;70,5;yes;JSSFP;9;0;Jack Sparrow;cutlass;1;0,58;16;Monsters, Inc.
2;male;31;209,25;105,6;yes;JSSFP;9;0;Jack Sparrow;cutlass;0;1,11;21;WALL-E
3;male;26;169,95;77,1;yes;CCCC;10;1;Jack Sparrow;cutlass;1;1,44;19;Inside Out
4;female;31;144,29;58,5;no;JSSFP;2;2;Jack Sparrow;scimitar;1;36,11;2;Inside Out
5;female;41;157,85;58,4;yes;JSSFP;9;4;Hook;cutlass;1;0,11;0;Inside Out
6;male;26;190,2;85,4;yes;CCCC;7;0;Jack Sparrow;cutlass;1;0,59;17;Monsters University
7;female;31;158,05;59,6;yes;JSSFP;9;7;Blackbeard;cutlass;0;3,01;1;Cars
8;female;31;172,52;74,5;yes;JSSFP;5;7;Hook;cutlass;1;0,06;1;Inside Out
9;female;28;164,57;68,7;yes;JSSFP;12;2;Anicetus;cutlass;0;0,74;1;Toy Story 3
10;male;30;183,52;84,7;yes;JSSFP;12;4;Jack Sparrow;cutlass;1;0,71;25;Monsters University
11;female;25;162,49;63,5;yes;CCCC;10;3;Blackbeard;cutlass;1;0,78;1;Inside Out
12;male;20;163,65;70;yes;CCCC;14;3;Jack Sparrow;cutlass;0;0,47;27;Monsters, Inc.
13;female;24;171,04;72,6;yes;CCCC;8;0;Lewis Scot;cutlass;0;0,53;0;Monsters, Inc.
14;male;26;177,99;78,2;yes;CCCC;9;3;Jack Sparrow;cutlass;1;1,33;19;Inside Out
15;female;45;167,65;65,4;yes;JSSFP;14;0;Hook;cutlass;1;0,33;0;Monsters University
16;female;40;165,1;65,7;yes;JSSFP;8;1;Hook;scimitar;1;27,56;1;The Incredibles
17;male;21;177,52;72,7;yes;CCCC;11;0;Jack Sparrow;cutlass;0;0,33;20;Finding Nemo
18;female;30;158,3;65,6;yes;JSSFP;7;3;Blackbeard;cutlass;0;1,55;0;Monsters, Inc.
19;female;35;173,07;72,8;yes;JSSFP;7;14;Hook;cutlass;0;0,72;0;Finding Nemo
20;male;26;175,45;69;yes;CCCC;14;3;Jack Sparrow;cutlass;0;0,4;27;WALL-E
21;male;22;187,83;85,8;yes;CCCC;10;6;Jack Sparrow;cutlass;0;0,5;12;Monsters, Inc.
22;female;34;179,06;82,1;no;JSSFP;5;4;Edward Low;cutlass;1;0,03;2;Ratatouille
23;male;23;158,66;53,5;yes;CCCC;13;1;Edward Low;cutlass;0;0,02;29;Finding Nemo
24;male;12;175,29;83;yes;CCCC;10;2;Jack Sparrow;cutlass;1;0,14;24;Up
25;male;35;187,48;85,6;yes;JSSFP;10;1;Jack Sparrow;sabre;1;11,23;17;Inside Out
26;female;26;153,54;54,6;yes;CCCC;10;3;Blackbeard;cutlass;1;1,1;0;Inside Out
27;male;15;171,48;66;no;CCCC;2;0;Jack Sparrow;banana;1;44,74;18;Inside Out
28;male;30;177,04;71,9;yes;JSSFP;15;4;Edward Low;cutlass;1;0,35;29;Inside Out
29;female;17;145,98;57,4;yes;CCCC;14;1;Hook;cutlass;0;0,18;0;Finding Nemo
30;female;26;134,87;37,9;yes;CCCC;12;10;Edward Low;cutlass;1;0,59;1;Monsters University
31;male;22;196,69;91,7;no;CCCC;2;1;Jack Sparrow;cutlass;1;2,19;17;Monsters University
32;male;22;181,95;79,4;yes;CCCC;15;2;Hook;cutlass;1;0,12;29;Monsters University
33;male;31;190,02;90,5;yes;JSSFP;13;1;Jack Sparrow;cutlass;1;0,29;24;Inside Out
34;female;30;162,6;61;yes;CCCC;13;6;Jack Sparrow;cutlass;1;1,26;0;Monsters, Inc.
35;male;23;178,24;75,1;yes;CCCC;17;1;Hook;cutlass;0;0,34;24;Brave
36;female;18;163,09;63,3;yes;CCCC;9;0;Jack Sparrow;cutlass;0;0,14;0;Monsters University
37;other;27;161,2;63,6;no;CCCC;0;1;Lewis Scot;scimitar;1;8,48;3;A Bug's Life
38;female;31;158,03;63;yes;JSSFP;8;2;Lewis Scot;cutlass;1;1,57;0;A Bug's Life
39;female;25;129,83;33;no;CCCC;6;1;Edward Low;sabre;0;1,13;1;Finding Nemo
40;female;36;153,68;61,7;yes;JSSFP;9;6;Anicetus;cutlass;1;0,17;0;Up
41;female;24;158,88;59,2;yes;CCCC;18;3;Jack Sparrow;cutlass;1;0,53;0;A Bug's Life
42;female;27;176,59;69,3;yes;CCCC;13;1;Edward Low;cutlass;1;1,35;1;Inside Out
43;female;26;158,6;67,7;yes;CCCC;15;2;Edward Low;cutlass;0;0,93;0;WALL-E
44;male;28;178,66;82,6;yes;CCCC;4;2;Jack Sparrow;cutlass;1;0,28;8;Monsters, Inc.
45;male;28;167,63;65,9;yes;CCCC;8;5;Jack Sparrow;cutlass;1;0,51;17;Toy Story 3
46;female;24;176,23;75,3;yes;CCCC;14;8;Blackbeard;cutlass;1;0,23;0;Inside Out
47;female;23;157,7;64,9;yes;CCCC;12;2;Lewis Scot;cutlass;1;0,89;0;Up
48;male;27;166,62;67,8;no;CCCC;8;3;Lewis Scot;banana;1;31,39;11;Monsters, Inc.
49;male;20;160,64;70,7;yes;CCCC;9;2;Jack Sparrow;cutlass;0;0,19;16;Toy Story 3
50;female;28;151,61;60,8;yes;CCCC;8;0;Lewis Scot;cutlass;0;1;1;Finding Nemo
51;male;26;170,25;71;yes;CCCC;9;1;Jack Sparrow;cutlass;1;0,79;15;Up
52;other;35;179,06;74,1;yes;JSSFP;13;4;Anicetus;cutlass;0;0,43;13;Ratatouille
53;male;27;191,01;89,6;yes;CCCC;11;1;Jack Sparrow;cutlass;1;0,92;15;Inside Out
54;female;38;160,91;58,2;yes;JSSFP;12;3;Lewis Scot;cutlass;1;0,51;1;Inside Out
55;male;18;161,41;63,8;yes;CCCC;8;5;Jack Sparrow;cutlass;1;0,68;13;Inside Out
56;male;24;187,51;83,4;yes;CCCC;8;1;Jack Sparrow;cutlass;0;0,46;19;Toy Story
57;male;26;182,52;76,7;yes;CCCC;15;1;Jack Sparrow;cutlass;0;2,91;20;Monsters, Inc.
58;female;30;156,38;57,2;yes;CCCC;9;0;Anicetus;cutlass;1;0,14;0;Inside Out
59;male;25;170,51;73,9;yes;CCCC;8;9;Jack Sparrow;cutlass;1;0,67;23;Monsters University
60;female;32;151,83;46,8;no;JSSFP;2;2;Hook;scimitar;1;13,8;1;WALL-E
61;female;37;147,82;52,2;yes;JSSFP;14;17;Jack Sparrow;cutlass;1;0,1;1;Monsters University
62;male;19;174,94;73,2;yes;CCCC;11;0;Lewis Scot;cutlass;0;1,22;20;WALL-E
63;male;26;178,15;81;no;CCCC;10;10;Jack Sparrow;sabre;1;4,86;15;Up
64;female;32;157,91;54,2;no;JSSFP;6;1;Jack Sparrow;scimitar;1;14,62;0;The Incredibles
65;female;23;168,26;70,8;yes;CCCC;9;1;Lewis Scot;cutlass;1;3,79;2;Inside Out
66;other;22;186,29;87,5;yes;CCCC;11;1;Edward Low;cutlass;0;3,27;23;Finding Nemo
67;male;21;174,63;76,7;yes;CCCC;14;1;Jack Sparrow;cutlass;1;0,04;16;Inside Out
68;female;32;165,66;55,8;yes;JSSFP;8;3;Anicetus;cutlass;1;0,31;0;Inside Out
69;male;28;179,63;74,9;yes;CCCC;7;7;Jack Sparrow;cutlass;0;0,44;14;Toy Story 2
70;other;21;179,8;66,6;yes;CCCC;11;1;Blackbeard;cutlass;0;0,71;20;The Incredibles
71;female;35;164,41;64,5;no;JSSFP;5;5;Lewis Scot;scimitar;0;1,93;0;WALL-E
72;female;20;152,21;57,7;yes;CCCC;7;2;Hook;cutlass;1;0,71;2;Inside Out
73;female;24;186,2;85,5;yes;CCCC;13;0;Hook;cutlass;1;0,01;0;The Incredibles
74;female;38;161,52;58,6;yes;JSSFP;9;3;Hook;cutlass;0;0,59;1;Brave
75;male;21;185,38;83,6;yes;CCCC;11;1;Jack Sparrow;cutlass;1;0,2;26;Inside Out
76;female;34;155,54;59;yes;JSSFP;6;0;Hook;cutlass;1;0,09;0;Cars
77;female;19;164,19;54,5;yes;CCCC;6;3;Lewis Scot;cutlass;1;0,01;0;Inside Out
78;male;25;169,03;67,3;yes;CCCC;7;0;Jack Sparrow;cutlass;1;0,24;31;Inside Out
79;male;18;171,32;66,6;yes;CCCC;13;0;Jack Sparrow;cutlass;1;0,89;22;Inside Out
80;female;36;160,57;64,7;yes;JSSFP;12;1;Edward Low;cutlass;1;0,17;1;Monsters University
81;female;35;152,77;57,6;no;JSSFP;5;6;Jack Sparrow;banana;1;2,5;0;Up
82;male;22;187,09;79,7;yes;CCCC;16;1;Jack Sparrow;cutlass;0;0,34;26;The Incredibles
83;male;21;159,73;70,3;yes;CCCC;12;1;Jack Sparrow;cutlass;1;1,12;14;Inside Out
84;female;15;179,91;74,6;yes;CCCC;14;2;Hook;cutlass;1;0,78;1;WALL-E
85;female;28;148,85;52,9;yes;CCCC;9;2;Blackbeard;cutlass;0;0,2;0;Toy Story
86;female;28;159,63;58,4;yes;CCCC;10;0;Lewis Scot;cutlass;0;1,09;0;Up
87;male;24;165,55;68,2;yes;CCCC;14;5;Jack Sparrow;cutlass;1;0,51;20;The Incredibles
88;female;34;169,06;63,6;no;JSSFP;6;2;Hook;banana;1;18,92;0;Finding Nemo
89;male;15;173,03;71,4;yes;CCCC;13;1;Jack Sparrow;scimitar;0;9,71;22;Cars
90;other;15;169,57;67,3;yes;CCCC;10;2;Hook;cutlass;0;1,37;20;Finding Nemo
91;male;22;179,77;81,1;yes;CCCC;3;2;Hook;cutlass;0;1,86;15;Finding Nemo
92;male;31;180,68;79,4;yes;JSSFP;9;1;Jack Sparrow;cutlass;1;2,18;10;Monsters, Inc.
93;male;29;169,89;70,4;yes;JSSFP;7;24;Jack Sparrow;cutlass;1;2,13;18;Monsters University
94;male;20;178,16;76,8;yes;CCCC;12;0;Hook;cutlass;0;0,54;21;Up
95;female;45;148,2;54,2;yes;JSSFP;11;21;Lewis Scot;cutlass;1;0,62;1;Inside Out
96;female;35;155,69;52,5;yes;JSSFP;9;20;Anicetus;cutlass;1;1,91;1;Inside Out
97;male;22;187,16;79,1;yes;CCCC;4;2;Jack Sparrow;cutlass;0;0,65;13;Finding Nemo
98;female;17;166,89;70,1;yes;CCCC;7;2;Hook;cutlass;1;0,31;0;Inside Out
99;female;29;170,84;63,5;yes;JSSFP;14;5;Lewis Scot;cutlass;0;0,5;2;Finding Nemo
100;female;33;160,95;67;yes;JSSFP;9;0;Edward Low;cutlass;1;1,94;2;Inside Out
101;other;33;168,82;63;yes;JSSFP;13;2;Blackbeard;cutlass;1;1,06;13;Up
102;male;23;162,25;55,3;yes;CCCC;10;4;Jack Sparrow;cutlass;1;0,5;24;Inside Out
103;male;31;164,73;68;yes;JSSFP;13;2;Jack Sparrow;cutlass;1;0,49;24;Inside Out
104;male;20;161,89;63,9;yes;CCCC;11;6;Blackbeard;cutlass;1;4,55;16;Monsters, Inc.
105;male;25;161,84;61,4;no;CCCC;6;1;Edward Low;scimitar;1;3,69;6;Inside Out
106;male;19;188,26;89,9;yes;CCCC;8;2;Jack Sparrow;cutlass;1;0,27;20;Inside Out
107;male;26;171,98;69,8;yes;CCCC;4;0;Jack Sparrow;cutlass;1;0,09;11;Up
108;male;26;162,77;60,8;yes;CCCC;7;0;Jack Sparrow;scimitar;0;2,91;18;Monsters University
109;male;29;187,63;88,2;yes;CCCC;12;2;Jack Sparrow;cutlass;1;0,04;21;Inside Out
110;male;34;186,93;85,1;yes;JSSFP;4;4;Jack Sparrow;cutlass;0;0,03;15;The Incredibles
111;male;30;188,19;86,2;yes;JSSFP;12;3;Jack Sparrow;cutlass;0;0,3;12;Monsters University
112;male;26;173,92;72,3;yes;CCCC;15;4;Jack Sparrow;cutlass;1;0,33;25;Inside Out
113;male;29;174,55;73,6;yes;JSSFP;12;4;Edward Low;cutlass;1;0,91;18;Inside Out
114;male;27;156,65;59,6;yes;CCCC;1;2;Jack Sparrow;cutlass;1;0,08;8;Inside Out
115;male;29;188,16;90,8;yes;CCCC;18;2;Jack Sparrow;cutlass;0;0,48;26;The Incredibles
116;male;17;165,18;62,7;yes;CCCC;9;2;Jack Sparrow;cutlass;1;0,18;13;Inside Out
117;male;31;184,16;79,2;yes;JSSFP;5;6;Jack Sparrow;cutlass;0;0,28;4;Monsters University
118;male;19;176,42;77,6;yes;CCCC;14;4;Jack Sparrow;cutlass;1;0,02;16;Inside Out
119;female;30;163,22;70,9;yes;CCCC;9;1;Lewis Scot;cutlass;0;0,48;0;Monsters University
120;female;16;161,14;65,2;yes;CCCC;9;0;Jack Sparrow;cutlass;1;0,12;1;Cars 2
121;female;33;166;66,7;yes;JSSFP;5;0;Edward Low;cutlass;0;0,66;0;Monsters University
122;female;26;150,86;56,7;yes;CCCC;11;4;Blackbeard;cutlass;1;0,1;1;A Bug's Life
123;male;18;176,82;76,9;yes;CCCC;9;5;Jack Sparrow;cutlass;1;1,92;17;Monsters, Inc.
124;male;37;175,59;71,8;yes;JSSFP;10;9;Jack Sparrow;cutlass;0;0,42;20;Up
125;female;33;178,94;84,3;yes;JSSFP;10;1;Lewis Scot;cutlass;1;0,33;0;The Incredibles
126;female;30;163,79;65,6;yes;CCCC;17;1;Lewis Scot;cutlass;1;0,9;1;Inside Out
127;female;39;161,16;60,2;yes;JSSFP;12;0;Hook;cutlass;0;0,04;1;Finding Nemo
128;male;32;167,12;64,5;yes;JSSFP;11;5;Jack Sparrow;cutlass;0;0,05;18;Finding Nemo
129;male;28;167,41;67,1;yes;CCCC;5;7;Hook;cutlass;0;1,41;11;Finding Nemo
130;male;32;180,26;75,6;yes;JSSFP;14;1;Jack Sparrow;cutlass;1;0,06;25;Inside Out
131;female;32;148,7;57,6;yes;JSSFP;10;9;Edward Low;banana;1;19,58;0;Toy Story
132;female;21;166,57;65,1;yes;CCCC;8;1;Lewis Scot;cutlass;0;0,19;0;Cars
133;female;30;171,3;76,5;yes;CCCC;7;6;Lewis Scot;cutlass;1;0,5;0;Inside Out
134;male;16;191,17;86,9;no;CCCC;5;3;Jack Sparrow;sabre;0;4,78;13;Finding Nemo
135;female;34;167,86;67,9;yes;JSSFP;6;1;Jack Sparrow;cutlass;1;1,72;1;Toy Story
136;male;22;185,72;77,5;yes;CCCC;12;2;Jack Sparrow;cutlass;0;0,7;24;Finding Nemo
137;female;25;158,13;62,4;yes;CCCC;12;2;Blackbeard;cutlass;1;0,03;2;Cars 2
138;male;31;169,92;69,5;yes;JSSFP;12;14;Jack Sparrow;cutlass;0;0,1;18;A Bug's Life
139;male;27;172,41;70,5;yes;CCCC;8;15;Jack Sparrow;cutlass;1;0,15;20;Inside Out
140;male;30;170,09;68,9;yes;JSSFP;8;0;Jack Sparrow;cutlass;1;0,18;22;Monsters University
141;other;31;167,26;63,3;yes;JSSFP;12;6;Jack Sparrow;cutlass;1;0,94;22;WALL-E
142;female;26;157,1;56,2;yes;CCCC;13;4;Edward Low;cutlass;0;0,19;0;A Bug's Life
143;female;29;160,15;55,5;yes;CCCC;12;2;Jack Sparrow;cutlass;0;1,33;0;Finding Nemo
144;male;31;170,28;66,9;yes;JSSFP;4;1;Jack Sparrow;cutlass;0;0,72;16;Monsters University
145;other;31;178,68;71,7;yes;CCCC;10;0;Hook;cutlass;1;0,96;12;Inside Out
146;male;26;161,51;63,7;yes;CCCC;11;0;Jack Sparrow;cutlass;1;0,11;21;Up
147;female;29;154,84;59,3;yes;CCCC;10;1;Anicetus;cutlass;0;0,06;0;Finding Nemo
148;male;19;190,82;85,2;yes;CCCC;10;1;Jack Sparrow;cutlass;0;0,56;13;Finding Nemo
149;male;13;186,85;82,5;yes;CCCC;8;1;Hook;cutlass;1;0,64;28;Inside Out
150;female;26;176,27;74,5;yes;CCCC;7;1;Edward Low;cutlass;1;1,25;0;Inside Out
151;female;31;172,18;71,2;yes;JSSFP;12;1;Anicetus;cutlass;1;0,67;0;The Incredibles
152;male;36;171,48;73,6;yes;JSSFP;9;1;Lewis Scot;cutlass;1;0,81;21;Inside Out
153;female;29;152,03;59;yes;CCCC;7;0;Hook;cutlass;0;0,12;0;Finding Nemo
154;female;34;159,16;60,8;yes;JSSFP;10;4;Edward Low;cutlass;1;1,75;0;Inside Out
155;male;22;179,91;75,8;yes;CCCC;10;1;Jack Sparrow;cutlass;0;0,79;16;Toy Story 2
156;female;26;158,18;61,5;yes;CCCC;8;3;Blackbeard;sabre;0;1,17;0;Finding Nemo
157;male;34;157,83;63,1;yes;JSSFP;19;5;Edward Low;cutlass;0;0,6;35;Brave
158;male;26;183,98;79,8;yes;CCCC;9;3;Jack Sparrow;cutlass;1;0,08;18;Inside Out
159;female;32;160,9;66,7;yes;JSSFP;12;4;Anicetus;scimitar;1;38,49;0;The Incredibles
160;female;26;167,04;70,3;yes;CCCC;7;1;Lewis Scot;cutlass;1;0,13;1;Inside Out
161;male;20;187,23;81,4;yes;CCCC;12;3;Anicetus;sabre;1;2,44;22;Toy Story
162;male;22;186,99;84,2;yes;CCCC;13;1;Jack Sparrow;cutlass;1;0,21;12;Inside Out
163;male;18;169,19;66,8;yes;CCCC;10;1;Jack Sparrow;scimitar;0;0,25;13;Finding Nemo
164;male;22;191,65;91;yes;CCCC;6;7;Jack Sparrow;scimitar;1;3,78;12;Brave
165;female;36;156,18;55,6;yes;JSSFP;13;4;Hook;cutlass;1;0,83;1;Inside Out
166;male;21;181,4;80,4;yes;CCCC;10;0;Jack Sparrow;cutlass;1;0,13;23;Inside Out
167;male;25;182,91;75,1;yes;CCCC;11;3;Jack Sparrow;cutlass;0;0,39;29;Finding Nemo
168;female;34;157,38;57,6;yes;JSSFP;11;1;Hook;cutlass;0;0,46;1;Finding Nemo
169;male;23;198,72;90,5;yes;CCCC;12;3;Jack Sparrow;cutlass;1;2,22;24;Monsters University
170;female;26;153,9;61,1;yes;CCCC;7;2;Anicetus;cutlass;1;0,44;1;The Incredibles
171;male;21;168,89;69,3;yes;CCCC;10;1;Jack Sparrow;cutlass;1;1,37;22;Monsters, Inc.
172;female;28;163,18;63,8;no;CCCC;4;0;Lewis Scot;sabre;1;2,23;0;Inside Out
173;male;19;155,42;55,6;yes;CCCC;12;1;Jack Sparrow;scimitar;0;23,93;20;Up
174;female;36;147,33;47,5;no;JSSFP;2;4;Jack Sparrow;sabre;1;2,25;0;Inside Out
175;male;29;170,81;70,8;yes;CCCC;6;1;Jack Sparrow;cutlass;0;0,47;8;Monsters University
176;female;33;143,11;49,8;yes;JSSFP;11;4;Edward Low;cutlass;1;0,56;1;The Incredibles
177;male;14;190,17;79,9;no;CCCC;1;1;Jack Sparrow;sabre;1;0,59;13;Inside Out
178;female;27;148,37;52,5;no;CCCC;5;5;Lewis Scot;scimitar;0;4,78;0;Finding Nemo
179;female;33;166,17;61,7;yes;JSSFP;15;0;Blackbeard;cutlass;0;0,21;1;Finding Nemo
180;male;20;189,18;82,9;yes;CCCC;6;1;Jack Sparrow;cutlass;1;1,11;18;Up
181;male;20;179,45;74,2;yes;CCCC;7;1;Jack Sparrow;cutlass;1;0,41;15;Up
182;male;24;161,99;59,8;yes;CCCC;11;5;Jack Sparrow;sabre;1;4,63;20;Cars
183;male;34;176,75;81,8;yes;JSSFP;11;1;Jack Sparrow;cutlass;1;0,22;26;Inside Out
184;male;29;178,71;75,1;yes;CCCC;5;4;Anicetus;cutlass;1;0,46;12;Toy Story 2
185;male;35;171,74;75,9;yes;JSSFP;12;1;Lewis Scot;cutlass;1;2,44;21;Finding Nemo
186;female;27;146,73;46,2;yes;CCCC;6;2;Blackbeard;scimitar;1;14,94;0;Toy Story 3
187;male;20;170,14;68;yes;CCCC;13;1;Jack Sparrow;cutlass;1;0,58;25;Inside Out
188;female;39;180,84;75;yes;JSSFP;11;9;Hook;cutlass;1;0,47;0;The Incredibles
189;female;33;169,4;71,4;yes;JSSFP;10;3;Hook;cutlass;1;0,58;0;Inside Out
190;female;28;150,1;64,5;yes;CCCC;11;6;Lewis Scot;cutlass;1;0,17;0;Monsters University
191;female;25;164,38;69,1;yes;CCCC;15;2;Lewis Scot;cutlass;0;0,44;0;Finding Nemo
192;male;32;167,03;68,2;yes;JSSFP;12;3;Hook;cutlass;1;0,35;26;Inside Out
193;female;26;173,1;75,8;yes;CCCC;10;5;Jack Sparrow;cutlass;1;0,23;0;Inside Out
194;male;30;187,11;87,7;yes;JSSFP;8;1;Jack Sparrow;cutlass;1;0,54;17;Inside Out
195;male;29;196,66;90,2;yes;JSSFP;10;6;Jack Sparrow;cutlass;1;0,25;27;Monsters University
196;female;27;162,91;61,8;yes;CCCC;8;7;Edward Low;cutlass;1;0,43;1;Up
197;female;26;161,73;70,3;yes;CCCC;10;1;Lewis Scot;cutlass;0;0,35;1;Up
198;female;36;167,23;70,1;yes;JSSFP;11;0;Hook;sabre;0;1,6;0;Monsters University
199;female;33;195,78;93;yes;JSSFP;13;0;Anicetus;cutlass;1;0,85;0;The Incredibles
200;female;30;176,5;76,4;yes;JSSFP;0;0;Jack Sparrow;cutlass;1;0,46;0;Inside Out
201;male;18;178,05;70,6;yes;CCCC;14;1;Anicetus;cutlass;1;0,3;26;Inside Out
202;female;21;155,81;58,5;yes;CCCC;8;2;Hook;cutlass;1;0,03;0;Inside Out
203;male;28;185,95;77;yes;CCCC;10;1;Edward Low;cutlass;0;1,02;22;Up
204;female;35;178,5;77,3;yes;JSSFP;15;1;Jack Sparrow;cutlass;0;0,04;1;Finding Nemo
205;female;20;149,71;59;yes;CCCC;8;1;Jack Sparrow;cutlass;1;0;0;Monsters, Inc.
206;female;23;161,34;58,8;yes;CCCC;9;1;Hook;cutlass;1;0,67;0;Inside Out
207;female;32;167,24;65,1;yes;JSSFP;12;1;Anicetus;cutlass;1;0,39;0;Toy Story 3
208;male;22;171,26;70,3;yes;CCCC;10;0;Jack Sparrow;cutlass;0;0,24;13;Up
209;male;27;176,3;70,2;yes;CCCC;2;1;Hook;cutlass;1;1,75;15;Inside Out
210;other;32;155,09;58,5;yes;JSSFP;10;0;Jack Sparrow;cutlass;1;0,17;12;Finding Nemo
211;female;32;157,2;60,5;yes;CCCC;12;3;Lewis Scot;cutlass;1;1,41;1;Inside Out
212;female;26;156,34;57,1;yes;CCCC;8;5;Lewis Scot;cutlass;0;1,38;0;Finding Nemo
213;female;26;150,93;62,2;yes;CCCC;7;0;Blackbeard;cutlass;1;0,12;0;WALL-E
214;female;29;183,21;78;yes;JSSFP;13;10;Anicetus;cutlass;1;0,16;0;A Bug's Life
215;female;27;187,3;80,5;yes;JSSFP;8;1;Jack Sparrow;cutlass;1;0,07;0;Inside Out
216;female;33;166,42;71,7;yes;JSSFP;7;2;Blackbeard;cutlass;1;0,15;1;A Bug's Life
217;female;34;191,52;85,8;yes;JSSFP;6;1;Lewis Scot;cutlass;1;0,68;0;Inside Out
218;male;22;179;77,3;yes;CCCC;10;6;Jack Sparrow;cutlass;1;0,33;26;Inside Out
219;male;34;194,74;87,5;no;JSSFP;1;0;Blackbeard;banana;1;44,37;11;Monsters University
220;male;28;181,82;82,9;yes;CCCC;15;5;Jack Sparrow;cutlass;1;0,08;33;Inside Out
221;female;30;155,91;57;yes;JSSFP;12;2;Blackbeard;sabre;1;4,4;0;Monsters University
222;male;24;148,73;55,4;yes;CCCC;7;0;Jack Sparrow;cutlass;1;1,94;12;Inside Out
223;female;28;135,15;45,2;yes;JSSFP;11;7;Jack Sparrow;cutlass;1;0,8;0;Finding Nemo
224;female;24;166,62;65,5;yes;CCCC;9;1;Blackbeard;cutlass;1;0,32;0;Brave
225;male;25;169,31;69;yes;CCCC;10;0;Jack Sparrow;cutlass;1;0,25;25;Inside Out
226;male;30;177,05;67,1;yes;JSSFP;11;1;Jack Sparrow;cutlass;0;0,13;23;Finding Nemo
227;female;32;178,52;74,7;yes;JSSFP;8;4;Anicetus;cutlass;0;0,14;0;Finding Nemo
228;female;26;167,45;65,2;yes;CCCC;5;0;Edward Low;cutlass;0;0,19;0;Inside Out
229;female;31;163,24;60,2;yes;JSSFP;9;5;Anicetus;cutlass;1;1,05;2;Finding Nemo
230;female;31;174;71,8;no;JSSFP;5;0;Hook;banana;1;39,7;1;Inside Out
231;male;26;175,07;72,3;no;CCCC;9;1;Edward Low;banana;1;1,18;14;Inside Out
232;female;38;161,37;64,8;yes;JSSFP;7;2;Hook;cutlass;1;2,15;0;Toy Story 2
233;female;29;174,16;71,1;yes;JSSFP;12;1;Edward Low;cutlass;1;0,49;0;Inside Out
234;male;26;170,11;70,9;yes;CCCC;8;1;Jack Sparrow;cutlass;0;0,21;21;Finding Nemo
235;male;22;173,82;72;yes;CCCC;12;12;Lewis Scot;scimitar;1;0,74;27;WALL-E
236;male;21;176,45;80,2;yes;CCCC;14;2;Blackbeard;cutlass;0;0,05;28;Monsters University
237;other;24;174,76;73,2;yes;CCCC;10;1;Lewis Scot;cutlass;1;0,22;15;Brave
238;female;29;158,21;54,4;yes;CCCC;11;3;Anicetus;cutlass;1;0,79;0;The Incredibles
239;female;40;173,33;69,8;yes;JSSFP;4;3;Edward Low;cutlass;1;1,01;1;Inside Out
240;male;35;168,78;69,5;yes;JSSFP;9;2;Blackbeard;cutlass;0;0,13;17;Finding Nemo
241;female;27;173,52;79,3;yes;CCCC;12;4;Hook;cutlass;1;0,6;0;Cars
242;female;27;163,79;63,2;yes;CCCC;16;1;Hook;cutlass;1;1,64;1;Inside Out
243;female;34;188,44;88;yes;JSSFP;7;7;Hook;cutlass;1;2,19;1;Inside Out
244;male;27;164,99;67,9;yes;CCCC;8;1;Jack Sparrow;cutlass;0;0,13;14;Finding Nemo
245;male;17;172,84;71,5;yes;CCCC;12;3;Jack Sparrow;cutlass;0;0,58;21;Brave
246;female;33;164,32;66,7;yes;JSSFP;10;4;Hook;cutlass;0;1,14;0;Finding Nemo
247;male;28;164,26;62,8;yes;CCCC;14;2;Jack Sparrow;cutlass;1;0,15;20;Cars 2
248;male;19;175,78;68,9;yes;CCCC;6;4;Jack Sparrow;cutlass;1;0,19;21;Monsters, Inc.
249;male;22;182,14;77,6;yes;CCCC;12;2;Blackbeard;cutlass;1;1,1;22;Up
250;female;25;169,53;63,8;yes;CCCC;9;9;Edward Low;cutlass;1;0,06;0;The Incredibles
251;male;33;177,82;76,4;yes;JSSFP;9;2;Blackbeard;cutlass;0;0,01;14;Finding Nemo
252;female;23;177,9;80,2;yes;CCCC;6;4;Jack Sparrow;cutlass;1;0,95;1;Inside Out
253;female;37;168,14;70,5;yes;JSSFP;12;0;Blackbeard;cutlass;1;1,81;0;Inside Out
254;male;18;180,27;77,2;yes;CCCC;11;0;Jack Sparrow;cutlass;0;0,67;22;The Incredibles
255;female;28;163,97;62,5;yes;CCCC;11;0;Hook;cutlass;1;0,3;0;The Incredibles
256;male;22;195,82;88,3;yes;CCCC;4;3;Jack Sparrow;cutlass;1;0,52;24;Cars
257;female;33;154,1;59;yes;JSSFP;10;1;Hook;cutlass;1;0,78;0;Inside Out
258;female;34;171,51;66,2;yes;JSSFP;8;5;Anicetus;cutlass;0;0,16;1;Finding Nemo
259;female;20;165,28;72,7;yes;CCCC;12;0;Jack Sparrow;cutlass;1;1,75;0;Finding Nemo
260;other;31;182,44;81,7;no;JSSFP;11;4;Anicetus;banana;0;7,63;12;Finding Nemo
261;male;22;179,93;72,2;yes;CCCC;13;1;Jack Sparrow;cutlass;1;0,39;23;The Incredibles
262;male;27;178,91;74,4;no;CCCC;2;6;Jack Sparrow;banana;1;3,52;11;Monsters, Inc.
263;male;27;166,41;70,3;yes;CCCC;10;3;Jack Sparrow;cutlass;1;0,17;24;Monsters University
264;male;20;175,04;75;yes;CCCC;10;3;Jack Sparrow;cutlass;1;0,25;25;Inside Out
265;male;29;183,59;82,9;yes;CCCC;15;0;Jack Sparrow;cutlass;1;1,67;23;Cars 2
266;male;22;169,02;75;yes;CCCC;9;1;Jack Sparrow;cutlass;1;0,15;19;Inside Out
267;female;32;166,98;63,3;yes;JSSFP;9;7;Blackbeard;cutlass;1;0,06;0;Toy Story 3
268;female;29;153,28;59,5;yes;CCCC;11;5;Anicetus;cutlass;0;1,4;1;Up
269;female;26;155,63;56,7;yes;CCCC;9;1;Hook;cutlass;1;0,32;0;Inside Out
270;male;27;182,72;80,8;yes;JSSFP;11;0;Jack Sparrow;cutlass;1;0,19;20;Inside Out
271;female;31;159,86;61,3;yes;JSSFP;10;0;Blackbeard;scimitar;1;8,59;0;Inside Out
272;male;26;196,75;92,5;yes;CCCC;7;0;Jack Sparrow;cutlass;1;0,1;13;Toy Story 2
273;female;24;158,51;60,6;yes;CCCC;17;1;Anicetus;cutlass;0;0,1;0;Cars
274;female;35;161,31;64,9;yes;JSSFP;8;1;Lewis Scot;cutlass;0;0,53;0;Finding Nemo
275;female;32;176,72;74,7;yes;JSSFP;17;1;Anicetus;cutlass;1;1,27;1;Inside Out
276;male;28;167,53;69,7;yes;CCCC;11;1;Jack Sparrow;cutlass;1;0,3;21;Inside Out
277;male;20;194,53;86,8;yes;CCCC;9;1;Jack Sparrow;cutlass;1;0,3;5;Brave
278;female;28;156,16;55,1;no;CCCC;9;2;Blackbeard;sabre;0;5,59;0;Monsters, Inc.
279;female;26;163,98;60,3;yes;CCCC;10;2;Edward Low;cutlass;1;0;0;Inside Out
280;male;27;197,43;96,2;yes;CCCC;12;0;Jack Sparrow;cutlass;1;0,07;22;Up
281;female;36;157,46;60,5;yes;JSSFP;14;3;Blackbeard;cutlass;0;0,03;0;Finding Nemo
282;female;25;164,72;64,4;yes;CCCC;8;8;Anicetus;cutlass;1;0,23;0;Inside Out
283;male;21;182,78;82;yes;CCCC;8;2;Jack Sparrow;cutlass;1;2;29;Monsters, Inc.
284;male;21;188,27;89,9;no;CCCC;2;7;Jack Sparrow;banana;0;4,24;12;Monsters University
285;male;22;172,81;76,7;yes;CCCC;4;0;Jack Sparrow;scimitar;0;2,65;20;The Incredibles
286;male;30;161,71;66;yes;JSSFP;17;2;Jack Sparrow;cutlass;0;0,19;34;Finding Nemo
287;male;30;189,5;82,8;yes;JSSFP;11;1;Jack Sparrow;cutlass;1;0,16;19;Inside Out
288;male;17;173,62;79,7;yes;CCCC;16;2;Blackbeard;cutlass;1;0,5;24;Up
289;female;22;160,45;61,4;no;CCCC;4;0;Lewis Scot;sabre;1;5,46;0;Inside Out
290;male;28;182,89;81,8;yes;CCCC;11;7;Edward Low;cutlass;1;0,66;23;Up
291;female;32;172,88;74,9;yes;CCCC;9;1;Hook;cutlass;0;0,33;3;WALL-E
292;male;29;200,62;101,6;yes;CCCC;9;3;Jack Sparrow;sabre;1;9,9;14;WALL-E
293;male;23;166,12;71,3;yes;CCCC;8;0;Jack Sparrow;cutlass;0;0,38;29;Finding Nemo
294;male;25;162,47;62,6;yes;CCCC;9;1;Jack Sparrow;cutlass;0;1,04;26;Up
295;female;33;165,84;62,3;yes;JSSFP;10;1;Edward Low;cutlass;0;0,17;0;Finding Nemo
296;female;28;159,08;66,2;yes;CCCC;6;1;Edward Low;scimitar;1;12,13;1;The Incredibles
297;female;31;156,06;55,1;no;JSSFP;6;3;Hook;scimitar;1;5,8;1;WALL-E
298;female;33;155,71;51,9;yes;JSSFP;15;3;Hook;cutlass;1;0;0;A Bug's Life
299;male;19;183,17;79,3;yes;CCCC;11;1;Jack Sparrow;cutlass;1;0,02;18;The Incredibles
300;male;32;180,37;71,4;yes;JSSFP;11;5;Jack Sparrow;cutlass;1;0,6;24;Up
301;female;38;165,55;61,3;yes;JSSFP;11;0;Jack Sparrow;cutlass;1;0,67;0;Inside Out
302;male;17;186,14;87,4;yes;CCCC;7;1;Jack Sparrow;cutlass;1;1,38;16;WALL-E
303;male;26;167;72;yes;CCCC;13;4;Jack Sparrow;cutlass;1;0,14;23;Inside Out
304;male;29;184,62;85,8;yes;JSSFP;10;1;Jack Sparrow;cutlass;1;0,43;13;Inside Out
305;male;27;151,07;55,6;yes;CCCC;6;5;Blackbeard;cutlass;0;0,36;15;Finding Nemo
306;male;38;172,25;71,5;yes;JSSFP;10;5;Edward Low;cutlass;1;0,14;16;Inside Out
307;female;37;174,85;71,7;yes;JSSFP;7;18;Hook;cutlass;1;0,38;1;Inside Out
308;male;31;166,22;66,3;no;JSSFP;6;1;Jack Sparrow;banana;1;13,24;18;Monsters University
309;female;29;163,73;67,6;yes;CCCC;13;1;Edward Low;scimitar;1;1,54;1;Up
310;female;27;166,91;66;yes;JSSFP;11;3;Blackbeard;cutlass;0;0,3;0;Finding Nemo
311;female;39;147,8;60;yes;JSSFP;14;13;Jack Sparrow;cutlass;1;0,04;0;A Bug's Life
312;female;32;164,63;62,7;no;JSSFP;8;2;Edward Low;sabre;1;1,38;1;Inside Out
313;female;36;144,34;48,9;yes;JSSFP;7;9;Jack Sparrow;cutlass;1;0,03;1;Up
314;female;28;174,65;70,5;yes;CCCC;14;0;Lewis Scot;cutlass;0;1,27;0;Finding Nemo
315;female;31;159,56;54,5;yes;JSSFP;11;3;Blackbeard;cutlass;0;2,25;0;Finding Nemo
316;male;26;178,43;74,2;no;CCCC;3;6;Jack Sparrow;cutlass;0;0,08;21;Finding Nemo
317;female;34;157,56;55,2;yes;JSSFP;11;12;Blackbeard;cutlass;1;0,45;0;Inside Out
318;female;33;156,59;55,9;yes;JSSFP;9;4;Lewis Scot;cutlass;0;0,57;1;Finding Nemo
319;female;37;169,36;71;yes;JSSFP;13;6;Hook;cutlass;0;1,12;1;The Incredibles
320;male;23;161,57;65,5;yes;CCCC;15;3;Jack Sparrow;cutlass;1;1,71;40;The Incredibles
321;female;25;181,49;79,5;yes;CCCC;14;1;Jack Sparrow;cutlass;1;0,18;0;Inside Out
322;female;25;158,35;59;yes;CCCC;9;1;Lewis Scot;cutlass;1;2,3;0;Inside Out
323;other;24;193,51;88,3;yes;CCCC;12;4;Edward Low;cutlass;0;0,41;9;Finding Nemo
324;female;24;147,54;51,1;yes;CCCC;13;1;Jack Sparrow;cutlass;0;0,3;0;Finding Nemo
325;male;34;189,02;80,9;yes;JSSFP;12;3;Lewis Scot;cutlass;0;0,38;17;A Bug's Life
326;male;24;197,98;90,5;yes;CCCC;12;1;Jack Sparrow;cutlass;1;0,76;26;Inside Out
327;male;16;167,51;68,1;yes;CCCC;9;2;Lewis Scot;cutlass;1;0,01;23;Up
328;male;15;175,63;74,1;yes;CCCC;8;1;Jack Sparrow;cutlass;0;0,15;31;The Incredibles
329;female;26;155,46;59,6;yes;CCCC;13;3;Anicetus;cutlass;1;0,15;3;WALL-E
330;female;41;156,54;57;yes;JSSFP;10;0;Blackbeard;cutlass;0;1,1;1;A Bug's Life
331;male;24;181,84;76,2;yes;CCCC;10;0;Jack Sparrow;sabre;1;2,77;23;Inside Out
332;female;34;168,62;73,6;yes;JSSFP;10;2;Edward Low;cutlass;1;1,06;0;WALL-E
333;female;24;158,27;58,8;yes;CCCC;13;1;Blackbeard;sabre;0;6,14;0;Toy Story 2
334;female;33;179,23;77,3;yes;JSSFP;10;3;Blackbeard;cutlass;0;0,1;0;A Bug's Life
335;female;31;159,8;56,4;yes;JSSFP;11;1;Lewis Scot;cutlass;1;0,22;0;Cars 2
336;female;28;158,88;61,1;no;CCCC;6;1;Blackbeard;sabre;0;1,45;0;Inside Out
337;male;26;157,64;62,7;yes;CCCC;8;6;Jack Sparrow;scimitar;0;7,59;20;Finding Nemo
338;male;25;162,19;62,3;yes;CCCC;9;1;Hook;cutlass;1;2,93;22;Toy Story 2
339;male;18;169,16;71;yes;CCCC;13;3;Jack Sparrow;scimitar;0;2,62;22;WALL-E
340;female;31;162,04;59,3;yes;JSSFP;10;1;Jack Sparrow;cutlass;0;0,2;2;A Bug's Life
341;male;30;179,01;81,9;no;JSSFP;8;3;Jack Sparrow;banana;0;3,64;24;Finding Nemo
342;female;27;156,09;62,5;yes;CCCC;12;2;Edward Low;cutlass;1;0,73;0;Monsters, Inc.
343;male;26;177,86;77,7;yes;CCCC;7;1;Jack Sparrow;cutlass;1;0,13;21;Monsters University
344;female;32;183,21;87,8;no;JSSFP;7;1;Lewis Scot;banana;1;62,63;1;Up
345;male;31;173,07;71,4;yes;CCCC;10;2;Lewis Scot;cutlass;1;0,33;19;Inside Out
346;female;29;160,42;59,7;yes;CCCC;10;1;Blackbeard;cutlass;0;0,24;1;The Incredibles
347;male;26;170,34;69,9;yes;CCCC;13;1;Edward Low;cutlass;1;0,2;23;Finding Nemo
348;male;24;175,47;72,3;yes;CCCC;11;1;Jack Sparrow;cutlass;1;0,49;18;Inside Out
349;male;21;196,33;81,4;yes;CCCC;13;4;Jack Sparrow;cutlass;1;0,56;22;Inside Out
350;male;20;169,22;70,6;yes;CCCC;16;9;Hook;cutlass;1;0,19;24;Finding Nemo
351;female;36;137,43;48,5;yes;JSSFP;12;8;Blackbeard;cutlass;1;0,1;1;Cars 2
352;male;22;186,29;87,4;yes;CCCC;9;2;Jack Sparrow;cutlass;0;0,28;18;Monsters University
353;female;25;174,78;77,2;yes;CCCC;12;1;Lewis Scot;cutlass;1;1,66;1;WALL-E
354;male;25;184,39;83,9;yes;CCCC;10;1;Hook;cutlass;1;0,17;21;Monsters, Inc.
355;female;28;171,99;75,1;yes;CCCC;9;3;Edward Low;cutlass;1;0,03;1;Up
356;male;21;165,42;62;yes;CCCC;10;1;Jack Sparrow;cutlass;1;1,23;13;WALL-E
357;male;30;195,14;93,9;yes;CCCC;9;0;Jack Sparrow;cutlass;1;0,43;21;Inside Out
358;female;30;160,36;61,2;yes;JSSFP;8;4;Lewis Scot;cutlass;1;0,46;0;Inside Out
359;male;33;167,16;67,2;no;JSSFP;10;8;Jack Sparrow;sabre;1;8,02;16;A Bug's Life
360;male;32;166,83;66,6;yes;JSSFP;14;1;Jack Sparrow;cutlass;0;0,83;37;Up
361;male;29;177,26;79,5;yes;CCCC;8;1;Jack Sparrow;cutlass;1;0,35;21;Inside Out
362;male;28;180,11;81,2;yes;CCCC;9;3;Jack Sparrow;cutlass;0;0,34;14;WALL-E
363;male;16;180,02;78,8;yes;CCCC;10;4;Jack Sparrow;cutlass;1;0,58;20;Inside Out
364;female;40;162,52;64,3;yes;JSSFP;8;4;Hook;cutlass;0;1,01;1;Up
365;male;28;177,32;79,8;yes;CCCC;11;1;Jack Sparrow;sabre;0;1,56;22;Finding Nemo
366;female;33;158,4;61;no;JSSFP;3;2;Lewis Scot;banana;0;66,74;1;Finding Nemo
367;female;28;162,36;64,5;yes;CCCC;10;3;Edward Low;cutlass;1;3;0;Cars 2
368;female;39;162,56;58,5;yes;JSSFP;8;0;Lewis Scot;cutlass;0;0,27;1;The Incredibles
369;male;19;164,48;64,1;yes;CCCC;13;1;Jack Sparrow;scimitar;1;9,92;19;Inside Out
370;other;35;176,64;74,6;yes;JSSFP;13;0;Anicetus;cutlass;0;0,7;15;The Incredibles
371;male;27;178,78;80;no;CCCC;4;3;Jack Sparrow;banana;1;23,38;14;Brave
372;male;25;178,51;76,6;yes;CCCC;8;3;Jack Sparrow;cutlass;1;0,13;21;Up
373;female;28;177,32;77,2;yes;CCCC;8;2;Blackbeard;cutlass;0;0,84;0;Monsters University
374;male;13;180,7;84,7;yes;CCCC;17;1;Jack Sparrow;cutlass;1;0,31;25;Inside Out
375;male;30;178,34;73,6;yes;JSSFP;12;0;Jack Sparrow;cutlass;0;0,09;21;Finding Nemo
376;female;39;173,28;73,5;no;JSSFP;3;5;Hook;cutlass;1;3,52;0;Monsters University
377;female;30;179,17;79,2;yes;CCCC;10;4;Jack Sparrow;cutlass;0;0,17;0;WALL-E
378;female;29;159;65;yes;CCCC;4;7;Lewis Scot;cutlass;1;0,05;0;Monsters University
379;female;36;178,84;80,8;yes;JSSFP;6;3;Anicetus;cutlass;1;0,15;3;Inside Out
380;male;20;176,72;71,9;no;CCCC;7;6;Jack Sparrow;cutlass;1;0,81;23;Inside Out
381;male;36;192,82;86,9;no;JSSFP;11;3;Jack Sparrow;sabre;0;4,1;23;The Incredibles
382;male;12;168,03;65,9;yes;CCCC;8;0;Anicetus;cutlass;1;0,38;21;Toy Story
383;female;35;159,88;58,8;yes;JSSFP;11;14;Anicetus;cutlass;1;0,27;0;Inside Out
384;male;23;161,71;62,1;yes;CCCC;6;3;Jack Sparrow;cutlass;1;0,23;9;Cars
385;male;34;173,02;69,3;yes;CCCC;13;0;Hook;cutlass;0;0,55;16;WALL-E
386;female;31;171,91;73,7;yes;JSSFP;10;0;Blackbeard;cutlass;0;1,33;0;Monsters University
387;female;21;176,91;69;no;CCCC;6;0;Hook;banana;0;2,28;0;Up
388;male;23;167,78;64,4;yes;CCCC;8;4;Hook;banana;1;3,63;13;Inside Out
389;other;30;177,33;69,6;yes;JSSFP;8;3;Anicetus;cutlass;1;1,25;15;Inside Out
390;male;24;155,61;58,6;yes;CCCC;11;0;Jack Sparrow;cutlass;0;0,3;20;WALL-E
391;female;32;153,19;56;yes;JSSFP;8;0;Edward Low;cutlass;0;0,08;0;WALL-E
392;female;33;162,75;60,1;yes;JSSFP;12;1;Lewis Scot;sabre;1;9,03;0;Finding Nemo
393;female;27;171,87;70,7;yes;CCCC;9;3;Blackbeard;cutlass;1;0,01;0;Inside Out
394;male;32;187,62;85;yes;CCCC;14;4;Edward Low;cutlass;1;0,45;19;Inside Out
395;female;33;181,77;75,8;yes;JSSFP;9;20;Lewis Scot;cutlass;0;1,51;0;Finding Nemo
396;female;32;171,1;64,4;yes;JSSFP;10;1;Lewis Scot;cutlass;1;0,37;1;WALL-E
397;female;31;160,74;65,9;yes;CCCC;6;1;Lewis Scot;cutlass;1;0,02;1;WALL-E
398;female;27;160,7;57,6;yes;CCCC;11;1;Lewis Scot;cutlass;1;0,21;0;Toy Story 2
399;other;24;172,49;62,5;yes;CCCC;8;1;Lewis Scot;cutlass;0;0,11;7;Finding Nemo
400;other;32;156,07;58,3;no;CCCC;7;2;Hook;sabre;1;5,71;12;Up
401;female;28;163,18;61,9;yes;JSSFP;9;0;Hook;cutlass;1;0,16;0;Inside Out
402;female;29;165,49;67,1;yes;JSSFP;8;7;Hook;scimitar;0;7,57;0;A Bug's Life
403;male;24;171,85;73,1;yes;CCCC;13;1;Jack Sparrow;cutlass;1;2,17;23;Inside Out
404;female;33;160,21;65;no;JSSFP;3;0;Jack Sparrow;sabre;1;7,86;1;Up
405;female;25;166,87;69,2;yes;CCCC;10;0;Edward Low;cutlass;0;0,19;0;Up
406;female;21;151,46;61,7;no;CCCC;1;3;Anicetus;sabre;1;0,78;1;Up
407;female;36;161,84;61,5;no;JSSFP;8;1;Jack Sparrow;banana;1;6,54;1;Monsters University
408;female;25;160,26;62,2;yes;CCCC;8;6;Blackbeard;cutlass;1;0,77;1;WALL-E
409;male;28;200,57;96,7;yes;CCCC;7;0;Jack Sparrow;cutlass;1;1,21;15;Inside Out
410;female;27;165,05;60,7;yes;CCCC;7;7;Hook;cutlass;1;0,22;1;Inside Out
411;female;28;169,67;67,7;yes;CCCC;10;8;Jack Sparrow;cutlass;1;0,03;0;Inside Out
412;female;32;176,51;77,1;yes;JSSFP;7;7;Edward Low;scimitar;1;9,13;0;Inside Out
413;female;28;162,51;62,6;yes;CCCC;11;3;Jack Sparrow;cutlass;1;0,12;1;Finding Nemo
414;female;20;185,9;80,7;yes;CCCC;9;3;Blackbeard;cutlass;1;0,37;0;Monsters, Inc.
415;other;16;174,12;73,4;yes;CCCC;11;0;Jack Sparrow;cutlass;1;0,06;12;Inside Out
416;male;29;170,47;66,4;yes;CCCC;11;2;Jack Sparrow;cutlass;1;0,1;18;Monsters University
417;male;27;162,35;61,6;yes;CCCC;10;4;Jack Sparrow;cutlass;0;0,07;19;Finding Nemo
418;other;28;169,84;76,2;yes;CCCC;12;0;Anicetus;cutlass;1;0,07;12;Inside Out
419;male;18;172,78;70,3;yes;CCCC;9;2;Anicetus;cutlass;0;0,49;21;Toy Story 3
420;female;35;170,7;68,8;yes;JSSFP;4;2;Edward Low;cutlass;1;1,09;0;Toy Story 2
421;female;26;171,92;68,6;yes;CCCC;15;3;Anicetus;cutlass;0;0,47;1;Monsters, Inc.
422;female;29;181,25;78,3;yes;CCCC;7;4;Edward Low;cutlass;1;1,4;1;WALL-E
423;female;31;144,93;45,6;yes;CCCC;12;9;Blackbeard;cutlass;1;0,72;1;A Bug's Life
424;female;30;161,54;61,3;yes;JSSFP;15;4;Lewis Scot;cutlass;0;0,7;1;Finding Nemo
425;male;38;183,5;88,3;yes;JSSFP;14;1;Anicetus;cutlass;1;0,14;18;Inside Out
426;male;23;171,57;78,7;yes;CCCC;11;2;Jack Sparrow;cutlass;0;0,22;22;Finding Nemo
427;female;33;172,98;65,9;yes;JSSFP;7;3;Edward Low;cutlass;0;1,06;0;Finding Nemo
428;female;23;171,88;73,7;yes;CCCC;11;2;Blackbeard;cutlass;1;0,59;0;Inside Out
429;male;20;195,08;88,9;no;CCCC;4;0;Jack Sparrow;banana;1;5,23;8;Inside Out
430;male;26;201,31;98,6;yes;CCCC;4;1;Jack Sparrow;cutlass;1;0,9;14;WALL-E
431;male;28;172,49;74,5;yes;CCCC;7;1;Jack Sparrow;banana;0;2,2;20;Toy Story
432;female;27;160,81;64;yes;CCCC;9;2;Blackbeard;cutlass;1;0,13;0;Inside Out
433;male;35;196,28;90,2;yes;JSSFP;5;0;Jack Sparrow;cutlass;1;0,09;15;Inside Out
434;male;37;180,6;71,6;yes;JSSFP;12;1;Jack Sparrow;cutlass;1;0,95;12;Monsters University
435;female;22;148,75;57;yes;CCCC;10;4;Jack Sparrow;cutlass;1;0,9;1;Inside Out
436;female;33;143,67;56,1;no;JSSFP;4;8;Hook;banana;1;3,07;0;Inside Out
437;female;29;168,49;72,2;yes;CCCC;13;1;Edward Low;cutlass;1;1,1;1;Inside Out
438;male;27;183,14;81,5;yes;CCCC;8;2;Jack Sparrow;cutlass;1;0,79;23;Inside Out
439;male;20;177,32;75,7;yes;CCCC;11;1;Jack Sparrow;cutlass;1;0,6;27;Inside Out
440;male;32;168,98;70,3;yes;JSSFP;17;3;Blackbeard;banana;0;1,55;33;Up
441;female;22;155,48;64,5;yes;CCCC;14;0;Blackbeard;cutlass;1;1,04;1;Inside Out
442;male;25;170,64;68,8;yes;CCCC;7;8;Jack Sparrow;cutlass;1;0,28;18;Cars
443;male;34;169,52;73;yes;JSSFP;8;3;Jack Sparrow;cutlass;1;0,36;19;Inside Out
444;male;16;188,67;81,2;yes;CCCC;8;2;Jack Sparrow;cutlass;1;0,1;13;Inside Out
445;female;29;167,91;70,4;yes;CCCC;9;13;Blackbeard;cutlass;1;0,05;0;WALL-E
446;male;29;180,37;76,6;no;CCCC;4;1;Jack Sparrow;sabre;1;3,8;20;Monsters, Inc.
447;female;29;169,93;71,3;no;JSSFP;7;3;Blackbeard;sabre;0;7,45;0;Finding Nemo
448;male;15;172,66;66,7;yes;CCCC;6;2;Jack Sparrow;sabre;1;7,64;16;Inside Out
449;male;39;158,44;63,4;no;JSSFP;9;1;Anicetus;scimitar;1;23,52;20;Monsters, Inc.
450;other;17;167,02;62,1;no;CCCC;2;1;Blackbeard;sabre;1;0,93;4;Inside Out
451;male;23;176,02;70,9;yes;CCCC;8;0;Jack Sparrow;cutlass;1;1,09;25;Up
452;female;32;168,64;59,2;yes;JSSFP;7;5;Blackbeard;cutlass;0;0,1;1;Monsters University
453;female;25;170,81;71,7;yes;CCCC;6;1;Hook;scimitar;0;2,91;0;Monsters University
454;female;34;153,23;44,4;yes;JSSFP;8;6;Blackbeard;cutlass;1;1,59;0;Toy Story 3
455;male;31;173,92;67,5;yes;JSSFP;9;8;Jack Sparrow;cutlass;1;1,28;19;The Incredibles
456;male;36;165,9;67,6;yes;JSSFP;9;1;Jack Sparrow;cutlass;1;0,18;24;Monsters University
457;male;24;169,44;75,7;yes;CCCC;6;4;Jack Sparrow;cutlass;1;0,64;23;WALL-E
458;female;16;157,06;52,8;yes;CCCC;10;2;Hook;cutlass;1;1,09;2;Inside Out
459;male;23;180,96;76,6;yes;CCCC;10;1;Jack Sparrow;cutlass;1;0,18;24;Inside Out
460;female;31;185,91;83,6;yes;CCCC;9;3;Hook;cutlass;0;0,65;0;Finding Nemo
461;female;30;160,33;54,5;yes;CCCC;13;3;Jack Sparrow;cutlass;1;0,05;0;Monsters, Inc.
462;female;25;155,25;61,1;yes;CCCC;4;3;Edward Low;cutlass;1;1,21;0;Inside Out
463;male;24;173,7;76;yes;CCCC;12;1;Jack Sparrow;cutlass;1;0,74;20;Inside Out
464;male;27;183,4;84,2;no;CCCC;3;2;Blackbeard;sabre;1;4,56;13;WALL-E
465;male;28;158,58;61;yes;CCCC;10;1;Jack Sparrow;cutlass;1;0,2;20;Up
466;female;32;154,13;55,5;yes;JSSFP;9;1;Blackbeard;cutlass;0;0,18;0;Inside Out
467;female;26;158,21;47,6;no;CCCC;2;1;Anicetus;banana;1;47,06;0;Inside Out
468;female;27;149,71;55,2;yes;CCCC;9;3;Blackbeard;cutlass;0;1,22;0;Toy Story
469;male;25;195,06;94,2;yes;CCCC;9;1;Jack Sparrow;cutlass;0;0,57;21;Finding Nemo
470;male;23;163,9;65,1;yes;CCCC;15;2;Jack Sparrow;cutlass;1;0,16;23;Toy Story 2
471;male;26;185,07;79,8;yes;CCCC;8;1;Jack Sparrow;cutlass;0;0,17;14;Monsters University
472;male;27;172,86;71,2;yes;CCCC;11;1;Jack Sparrow;cutlass;0;0,2;19;Finding Nemo
473;male;22;178,26;75,5;yes;CCCC;9;8;Jack Sparrow;cutlass;0;0,2;18;Finding Nemo
474;male;17;199,34;97,6;yes;CCCC;13;3;Jack Sparrow;cutlass;1;0,51;28;Monsters University
475;male;19;157,38;57;yes;CCCC;9;0;Jack Sparrow;cutlass;0;0,01;12;Up
476;female;31;182,03;76,6;yes;JSSFP;10;1;Jack Sparrow;cutlass;0;0,85;0;Monsters University
477;male;24;168,3;75,4;yes;CCCC;9;1;Jack Sparrow;cutlass;1;1,6;15;Monsters University
478;male;24;175,82;76,7;yes;CCCC;8;6;Jack Sparrow;cutlass;0;0;15;Toy Story 2
479;female;26;160,75;60,7;yes;CCCC;6;1;Jack Sparrow;cutlass;0;0,1;0;Monsters University
480;male;19;166,53;62,4;yes;CCCC;12;1;Jack Sparrow;cutlass;0;0,49;28;Finding Nemo
481;female;27;150,3;51,6;yes;CCCC;10;1;Anicetus;sabre;1;0,22;1;Up
482;male;19;166,6;65,9;yes;CCCC;10;3;Jack Sparrow;cutlass;1;0,44;15;Inside Out
483;female;39;166,94;62,2;no;JSSFP;7;0;Blackbeard;scimitar;0;7,19;0;Finding Nemo
484;male;21;176,31;78,7;yes;CCCC;9;2;Jack Sparrow;cutlass;0;0,62;23;Monsters, Inc.
485;male;27;173,5;82,6;yes;CCCC;12;0;Jack Sparrow;cutlass;0;0,05;30;Finding Nemo
486;male;32;174,57;67,7;yes;JSSFP;7;2;Jack Sparrow;cutlass;0;1,86;16;Finding Nemo
487;male;30;175,33;75,1;yes;CCCC;15;1;Anicetus;cutlass;0;1,09;24;Cars 2
488;other;25;174,43;71,9;no;CCCC;4;2;Blackbeard;cutlass;1;0,44;13;Inside Out
489;female;31;148,32;54;yes;CCCC;12;3;Anicetus;cutlass;1;0,27;2;Inside Out
490;male;18;184,84;86,3;yes;CCCC;12;1;Jack Sparrow;cutlass;1;0,08;22;Up
491;male;22;183,11;87,8;yes;CCCC;12;2;Jack Sparrow;cutlass;1;0,04;24;Inside Out
492;male;24;178,42;75;yes;CCCC;7;0;Jack Sparrow;cutlass;0;0,54;14;Finding Nemo
493;male;27;159,6;68;yes;CCCC;6;6;Blackbeard;cutlass;1;0,76;17;Inside Out
494;female;36;174,52;76,6;yes;JSSFP;6;1;Lewis Scot;cutlass;1;0,6;1;The Incredibles
495;female;21;169,71;64,7;yes;CCCC;14;3;Hook;cutlass;1;0,21;0;Inside Out
496;male;11;174,26;74,3;yes;CCCC;10;0;Jack Sparrow;sabre;0;0,1;31;Finding Nemo
497;female;35;173,75;65,9;yes;JSSFP;14;0;Anicetus;cutlass;1;0,02;0;Inside Out
498;male;15;190,24;84,3;yes;CCCC;8;2;Jack Sparrow;cutlass;0;1,26;6;Finding Nemo
499;male;20;183,95;72,9;yes;CCCC;7;12;Jack Sparrow;cutlass;1;0,27;10;The Incredibles
500;female;34;164,41;68,7;yes;JSSFP;10;16;Edward Low;cutlass;1;0,44;0;Inside Out
501;female;35;168,06;63,8;yes;JSSFP;8;1;Lewis Scot;cutlass;1;1,16;0;Inside Out
502;male;32;180,97;81,7;yes;JSSFP;8;14;Blackbeard;cutlass;1;0,85;19;Up
503;male;31;172,55;68,7;yes;JSSFP;11;6;Jack Sparrow;cutlass;1;0,09;29;Inside Out
504;female;25;158,21;56,8;yes;CCCC;10;3;Anicetus;cutlass;1;0,9;0;Toy Story 3
505;female;27;156,34;62,6;no;CCCC;6;2;Jack Sparrow;banana;1;4,89;0;Monsters University
506;male;25;195,36;90,4;yes;CCCC;5;3;Jack Sparrow;cutlass;1;0,45;9;Monsters University
507;male;25;164,53;61,9;yes;CCCC;10;5;Jack Sparrow;cutlass;1;0,51;16;Up
508;male;27;182,51;81,1;yes;CCCC;8;4;Jack Sparrow;cutlass;0;0,76;22;Up
509;female;29;160,18;66,5;yes;JSSFP;7;0;Jack Sparrow;cutlass;0;1,72;0;Monsters University
510;male;24;171,92;68,5;yes;CCCC;12;1;Jack Sparrow;cutlass;0;0,47;25;Finding Nemo
511;female;17;156,89;62,9;yes;CCCC;8;1;Hook;cutlass;0;0,37;0;Monsters University
512;male;29;192,45;84,2;yes;CCCC;7;0;Jack Sparrow;cutlass;1;1,6;17;Up
513;female;29;138,52;49,3;yes;CCCC;12;0;Hook;cutlass;1;1,36;0;The Incredibles
514;female;31;176,61;76,2;no;CCCC;7;2;Blackbeard;banana;0;21,42;1;Monsters University
515;female;26;157,34;57;yes;CCCC;11;4;Jack Sparrow;sabre;1;2,55;0;Monsters University
516;male;21;199,47;93,4;yes;CCCC;8;1;Jack Sparrow;cutlass;1;0,27;21;Monsters University
517;female;28;163,13;58,4;yes;CCCC;10;1;Anicetus;cutlass;1;0,8;0;Monsters, Inc.
518;female;27;153,52;53,3;yes;CCCC;9;3;Blackbeard;sabre;1;5,84;0;Monsters University
519;male;30;182,27;77,9;yes;CCCC;11;2;Jack Sparrow;cutlass;1;0,48;28;Monsters, Inc.
520;female;35;158,68;62,3;yes;JSSFP;10;4;Hook;cutlass;0;1,53;0;Inside Out
521;male;28;158,35;53,8;yes;CCCC;5;1;Jack Sparrow;cutlass;1;0,58;20;Inside Out
522;female;39;166,2;66;yes;JSSFP;11;3;Edward Low;scimitar;1;4,55;0;Monsters, Inc.
523;male;23;169,74;67,7;yes;CCCC;15;0;Jack Sparrow;cutlass;1;0,39;29;Up
524;other;29;163,13;64,3;yes;JSSFP;11;1;Blackbeard;cutlass;1;0,59;19;Inside Out
525;female;26;169,18;66,4;yes;CCCC;4;0;Edward Low;cutlass;1;0,14;0;The Incredibles
526;male;14;171,5;71,1;no;CCCC;5;3;Jack Sparrow;banana;1;53,22;11;Monsters, Inc.
527;male;20;179,23;84,4;yes;CCCC;9;1;Blackbeard;cutlass;1;1,03;23;Monsters, Inc.
528;female;29;150,74;52,5;yes;CCCC;9;2;Edward Low;cutlass;1;2,65;0;The Incredibles
529;other;26;161,49;63,2;yes;CCCC;9;1;Anicetus;cutlass;0;1,07;18;Finding Nemo
530;male;29;172,46;66,1;yes;JSSFP;11;2;Jack Sparrow;cutlass;0;0,49;27;Up
531;female;35;162,47;68,6;yes;JSSFP;11;4;Jack Sparrow;cutlass;1;0,97;0;Inside Out
532;male;25;184,63;81,2;yes;CCCC;11;5;Jack Sparrow;cutlass;1;3,99;20;WALL-E
533;male;30;189,22;86,4;yes;JSSFP;8;3;Hook;cutlass;1;0,39;20;Monsters University
534;female;33;148,47;53;yes;JSSFP;12;4;Hook;cutlass;1;1,15;0;Monsters University
535;male;29;172,55;77,1;yes;CCCC;14;4;Jack Sparrow;cutlass;0;1,63;22;WALL-E
536;male;22;191,63;90,1;yes;CCCC;7;3;Jack Sparrow;cutlass;0;0,05;20;Finding Nemo
537;female;22;171,29;66,7;yes;CCCC;10;3;Blackbeard;cutlass;1;0,32;0;Toy Story 3
538;male;28;173,52;68,2;yes;CCCC;12;0;Jack Sparrow;cutlass;1;0,92;16;Up
539;female;31;172,31;69,3;yes;CCCC;9;1;Blackbeard;sabre;0;0,46;1;Finding Nemo
540;female;36;167,84;76,4;yes;JSSFP;6;1;Hook;cutlass;1;0,79;0;Up
541;female;30;148,83;52,1;yes;JSSFP;9;9;Blackbeard;cutlass;1;0,09;2;Monsters, Inc.
542;male;21;182,62;81,2;yes;CCCC;5;2;Jack Sparrow;cutlass;1;0,05;23;Inside Out
543;female;26;176,13;71,4;yes;CCCC;9;1;Blackbeard;cutlass;1;1,1;1;The Incredibles
544;male;20;187,04;87,3;yes;CCCC;11;1;Jack Sparrow;cutlass;1;0,08;15;Inside Out
545;female;36;167,8;57,1;yes;JSSFP;11;0;Jack Sparrow;cutlass;1;0,7;1;Up
546;other;24;169,39;69,9;no;CCCC;2;8;Jack Sparrow;scimitar;1;19,24;7;The Incredibles
547;other;30;169,76;73,9;yes;JSSFP;12;2;Edward Low;cutlass;0;1,01;10;Finding Nemo
548;female;27;166,94;65,6;yes;CCCC;6;2;Hook;scimitar;1;0,56;0;Up
549;other;28;171,78;69,8;yes;CCCC;8;5;Anicetus;cutlass;1;0,35;18;Cars
550;male;20;179,01;80,6;yes;CCCC;8;4;Jack Sparrow;cutlass;1;0,37;14;Toy Story 2
551;female;27;177;66,1;yes;CCCC;5;1;Blackbeard;cutlass;0;1,95;1;WALL-E
552;female;24;175,87;78,7;yes;CCCC;10;3;Anicetus;cutlass;0;0,75;1;A Bug's Life
553;female;24;163,57;67,1;yes;CCCC;9;0;Jack Sparrow;cutlass;1;0,14;0;Up
554;female;24;167,67;66,1;yes;CCCC;9;3;Hook;cutlass;1;0,79;0;WALL-E
555;female;26;172,41;71,6;yes;CCCC;7;0;Blackbeard;cutlass;0;0,65;0;Up
556;male;19;168,05;70,6;yes;CCCC;14;5;Jack Sparrow;cutlass;0;0,78;27;Toy Story
557;male;26;180,91;72,3;yes;CCCC;11;3;Jack Sparrow;cutlass;1;0,42;19;Inside Out
558;male;19;164,23;68,2;yes;CCCC;8;2;Lewis Scot;cutlass;1;0,17;20;Ratatouille
559;female;31;161,02;66,6;yes;JSSFP;13;2;Hook;cutlass;1;0,29;0;Inside Out
560;female;31;157,67;55,8;yes;CCCC;9;6;Edward Low;cutlass;0;0,08;0;Finding Nemo
561;male;20;188,89;85,2;no;CCCC;8;4;Jack Sparrow;cutlass;1;0,23;28;Inside Out
562;male;27;165,95;66,4;yes;CCCC;7;10;Blackbeard;cutlass;1;0,72;23;Up
563;male;28;193,82;87,2;no;CCCC;0;1;Hook;cutlass;1;0,03;0;Monsters University
564;male;21;189,81;91,9;yes;CCCC;12;0;Jack Sparrow;scimitar;0;3,05;25;WALL-E
565;male;26;171,16;74,6;yes;CCCC;10;1;Jack Sparrow;sabre;1;6,43;19;Inside Out
566;male;25;174,57;75,4;yes;CCCC;11;2;Jack Sparrow;cutlass;1;0,25;13;Up
567;female;30;178,34;83,1;yes;CCCC;11;1;Lewis Scot;cutlass;1;0,31;0;Toy Story 2
568;male;24;164,6;68,2;yes;CCCC;12;0;Jack Sparrow;cutlass;0;0,5;17;Finding Nemo
569;female;28;171,86;70,5;yes;CCCC;14;1;Jack Sparrow;cutlass;0;0,69;1;Up
570;male;29;177,9;75,4;yes;CCCC;5;8;Blackbeard;cutlass;1;1;28;Inside Out
571;female;36;159,42;61,2;yes;JSSFP;10;3;Blackbeard;cutlass;1;0,03;0;Monsters University
572;female;35;153,05;57,3;yes;JSSFP;16;3;Blackbeard;scimitar;1;3,35;0;Inside Out
573;female;27;177,11;79,2;yes;CCCC;9;3;Jack Sparrow;cutlass;0;1,7;1;Finding Nemo
574;male;29;168,89;68,2;yes;CCCC;11;2;Jack Sparrow;cutlass;0;1,6;22;Finding Nemo
575;female;32;156,42;52,3;yes;JSSFP;6;1;Lewis Scot;cutlass;1;1,17;1;Toy Story 2
576;male;28;192,92;88,1;yes;CCCC;11;0;Jack Sparrow;cutlass;1;1,19;27;The Incredibles
577;female;25;176,26;79,8;yes;CCCC;8;6;Anicetus;cutlass;0;1,89;0;The Incredibles
578;male;27;169,74;61,7;yes;CCCC;12;14;Anicetus;cutlass;1;0,7;22;Inside Out
579;female;25;150,92;58,5;yes;CCCC;14;3;Hook;cutlass;1;0,24;0;Inside Out
580;female;17;146,93;53,4;yes;CCCC;10;1;Lewis Scot;cutlass;1;0,14;1;Inside Out
581;male;31;178,12;73;no;JSSFP;3;4;Jack Sparrow;scimitar;1;3,7;6;Up
582;female;31;177,83;74,9;yes;JSSFP;13;2;Jack Sparrow;cutlass;1;0,99;0;Inside Out
583;male;22;179,81;83,4;no;CCCC;6;1;Jack Sparrow;banana;1;55,13;8;Inside Out
584;male;21;167,65;71,8;yes;CCCC;4;6;Jack Sparrow;cutlass;1;0,1;6;Inside Out
585;other;27;184,81;79,5;yes;CCCC;10;4;Anicetus;cutlass;0;0,65;21;Finding Nemo
586;male;32;167,82;63,4;yes;JSSFP;11;1;Hook;cutlass;0;2,65;18;Up
587;male;17;169,67;72;yes;CCCC;9;0;Jack Sparrow;cutlass;1;0,5;19;The Incredibles
588;male;16;180,6;84,5;yes;CCCC;11;2;Jack Sparrow;cutlass;1;0,51;18;Inside Out
589;male;22;179,33;79,9;yes;CCCC;13;0;Jack Sparrow;cutlass;0;0;26;Finding Nemo
590;male;22;163,93;71,3;yes;CCCC;9;1;Jack Sparrow;cutlass;1;0,25;20;A Bug's Life
591;female;28;156,16;56,1;yes;CCCC;6;3;Lewis Scot;cutlass;0;1,39;1;Monsters, Inc.
592;male;25;188,69;95,1;no;CCCC;3;0;Edward Low;banana;1;16,32;11;Inside Out
593;male;31;169,13;67,4;yes;JSSFP;9;0;Jack Sparrow;sabre;1;3,83;22;Inside Out
594;female;25;165,39;67,5;yes;CCCC;14;0;Jack Sparrow;sabre;1;0,64;0;Inside Out
595;female;38;164,45;65,5;no;JSSFP;6;4;Blackbeard;scimitar;1;13,68;1;Inside Out
596;male;24;169,04;68,5;yes;CCCC;7;2;Jack Sparrow;cutlass;0;0,19;13;Finding Nemo
597;female;14;162,72;60,9;no;CCCC;4;1;Jack Sparrow;scimitar;1;12,78;0;Inside Out
598;female;35;159,3;59,6;yes;JSSFP;12;0;Hook;cutlass;0;0,11;0;WALL-E
599;female;35;149,11;53,6;no;JSSFP;2;11;Edward Low;banana;0;3,83;1;WALL-E
600;male;27;190,79;89,1;yes;CCCC;11;0;Jack Sparrow;cutlass;0;0,01;25;Cars
601;female;24;169,73;70,7;yes;CCCC;13;1;Lewis Scot;cutlass;1;0,68;0;The Incredibles
602;female;28;177,86;76,6;yes;CCCC;4;2;Lewis Scot;sabre;0;1,26;0;Finding Nemo
603;male;27;177,92;71,4;yes;CCCC;6;2;Jack Sparrow;cutlass;0;0,28;15;Monsters, Inc.
604;female;31;166,32;76,9;no;JSSFP;6;3;Jack Sparrow;scimitar;1;1,84;0;Inside Out
605;male;17;183,73;70,9;yes;CCCC;9;1;Anicetus;cutlass;0;0,74;15;Up
606;male;28;167,22;68,2;yes;CCCC;9;5;Jack Sparrow;cutlass;0;1;17;Finding Nemo
607;male;30;160,45;57,2;yes;JSSFP;6;2;Lewis Scot;cutlass;1;0,34;15;Inside Out
608;male;23;195,42;86;yes;CCCC;10;1;Jack Sparrow;cutlass;1;0,53;23;Toy Story 2
609;female;33;160,26;68,7;yes;JSSFP;9;7;Jack Sparrow;cutlass;1;0,62;0;Inside Out
610;male;27;189,77;83,1;yes;CCCC;10;0;Jack Sparrow;cutlass;0;0,43;21;Finding Nemo
611;female;33;173,01;67,3;yes;JSSFP;4;7;Blackbeard;cutlass;1;0,12;1;Up
612;male;28;190,74;85,8;yes;CCCC;9;0;Jack Sparrow;cutlass;0;0,26;22;Finding Nemo
613;male;33;177,04;71,8;yes;JSSFP;8;0;Lewis Scot;cutlass;0;1,48;27;Finding Nemo
614;female;24;171,15;72;yes;CCCC;6;2;Blackbeard;cutlass;1;0,05;0;Brave
615;female;27;162,35;63,1;yes;CCCC;12;2;Hook;cutlass;1;1,04;0;Monsters University
616;female;38;151,56;56,8;yes;JSSFP;10;4;Lewis Scot;cutlass;1;0,53;0;Inside Out
617;male;29;163,31;62,6;yes;CCCC;6;0;Jack Sparrow;cutlass;1;0,03;17;Inside Out
618;male;23;166,26;69,7;yes;CCCC;6;7;Jack Sparrow;cutlass;0;0,29;13;Finding Nemo
619;male;34;184,16;75,9;yes;JSSFP;10;1;Jack Sparrow;cutlass;0;0,27;25;Finding Nemo
620;male;27;195,19;90,1;yes;CCCC;12;8;Jack Sparrow;cutlass;1;0,63;30;Inside Out
621;male;31;175,2;72,7;yes;JSSFP;6;8;Jack Sparrow;cutlass;0;3,29;19;Finding Nemo
622;female;35;170,44;64;yes;JSSFP;11;27;Lewis Scot;cutlass;1;0,21;0;WALL-E
623;female;19;163,18;65,6;no;CCCC;8;0;Hook;sabre;1;0,91;0;Inside Out
624;female;32;173,38;66,3;yes;JSSFP;6;0;Edward Low;cutlass;1;0,74;0;Monsters University
625;female;31;158,96;68,5;yes;JSSFP;4;7;Blackbeard;scimitar;1;20,68;0;Inside Out
626;male;18;178,09;81,1;yes;CCCC;3;1;Jack Sparrow;cutlass;1;0,12;15;Monsters University
627;male;23;185,46;79,3;yes;CCCC;8;1;Jack Sparrow;sabre;0;0,05;20;Finding Nemo
628;female;39;166,38;71,3;yes;JSSFP;6;1;Anicetus;cutlass;1;0,06;1;Inside Out
629;female;27;172,66;74,2;yes;CCCC;13;3;Anicetus;cutlass;0;0,47;0;Up
630;male;26;179,01;78;yes;CCCC;13;3;Edward Low;cutlass;1;0,11;23;Inside Out
631;male;30;188,83;84,8;yes;JSSFP;6;1;Jack Sparrow;cutlass;0;0,6;13;Finding Nemo
632;male;11;174,6;69,6;yes;CCCC;17;1;Jack Sparrow;cutlass;0;1,34;22;The Incredibles
633;male;30;163,83;67,5;yes;CCCC;10;4;Jack Sparrow;cutlass;0;0,07;23;Up
634;male;31;166,96;66,9;yes;JSSFP;13;2;Jack Sparrow;cutlass;0;0,4;15;Finding Nemo
635;male;13;168,38;62,9;yes;CCCC;15;2;Blackbeard;cutlass;1;0,52;28;Toy Story 2
636;male;24;184,35;85;yes;CCCC;8;1;Jack Sparrow;cutlass;0;0,64;24;Finding Nemo
637;other;23;168,94;60,2;yes;CCCC;15;4;Jack Sparrow;cutlass;0;0,73;31;Monsters University
638;female;27;150,98;56,5;yes;CCCC;3;12;Edward Low;cutlass;1;0,05;0;Inside Out
639;female;41;165,1;64,5;yes;JSSFP;18;0;Jack Sparrow;cutlass;0;0,58;0;Cars 2
640;male;34;187,88;81;yes;JSSFP;8;11;Blackbeard;cutlass;1;0,95;17;Inside Out
641;female;27;181,81;81,8;yes;CCCC;9;0;Blackbeard;cutlass;0;0,2;1;WALL-E
642;female;31;161,43;54,1;yes;JSSFP;9;6;Lewis Scot;cutlass;1;0,38;0;Toy Story 2
643;female;34;158,58;57,3;yes;JSSFP;10;2;Lewis Scot;cutlass;1;0,7;1;Inside Out
644;female;29;155,78;61,7;yes;CCCC;14;2;Anicetus;cutlass;1;1,26;0;Up
645;male;23;195,55;92,3;yes;CCCC;6;2;Anicetus;cutlass;0;0,91;9;Up
646;male;30;176,15;73,6;yes;JSSFP;11;1;Jack Sparrow;scimitar;1;3,91;20;The Incredibles
647;female;30;164,93;57,3;yes;JSSFP;11;1;Blackbeard;cutlass;0;0,1;0;Finding Nemo
648;female;33;162,86;67,7;yes;JSSFP;12;1;Jack Sparrow;cutlass;0;0,1;0;Up
649;other;32;160,56;65,1;yes;JSSFP;11;2;Hook;cutlass;0;0,95;25;Toy Story 2
650;other;33;153,08;50,9;yes;JSSFP;8;5;Anicetus;cutlass;0;0,63;17;Finding Nemo
651;female;44;159,67;62,7;yes;JSSFP;14;9;Lewis Scot;cutlass;1;0,76;0;Up
652;male;21;161,27;57,9;yes;CCCC;7;3;Blackbeard;cutlass;0;0,11;15;Monsters University
653;female;33;173,92;74,3;yes;JSSFP;14;2;Jack Sparrow;cutlass;1;1,03;1;Monsters, Inc.
654;female;39;149,17;55,7;yes;JSSFP;8;1;Lewis Scot;cutlass;1;0,95;1;Inside Out
655;male;24;168,7;71,6;yes;CCCC;9;9;Jack Sparrow;cutlass;1;0,45;27;Inside Out
656;female;41;172,17;68,8;yes;JSSFP;15;9;Lewis Scot;cutlass;1;1,36;0;Inside Out
657;female;37;173,09;76,2;yes;JSSFP;8;7;Lewis Scot;cutlass;1;0,48;0;Up
658;male;23;192,26;94,5;yes;CCCC;9;1;Jack Sparrow;cutlass;0;0,88;15;Finding Nemo
659;male;26;193,96;91,4;no;CCCC;1;4;Jack Sparrow;banana;1;74,19;14;Monsters University
660;male;26;169,34;66,8;yes;CCCC;11;1;Lewis Scot;cutlass;1;0,03;25;Inside Out
661;male;29;176,01;74,3;yes;CCCC;9;1;Jack Sparrow;cutlass;0;0,49;15;Finding Nemo
662;female;32;169,65;74,4;yes;JSSFP;10;2;Edward Low;cutlass;1;1,18;0;Monsters University
663;male;15;179,46;77,3;yes;CCCC;12;2;Jack Sparrow;cutlass;0;0,38;23;Finding Nemo
664;male;18;169,81;71,4;yes;CCCC;5;1;Jack Sparrow;cutlass;0;0,76;28;Up
665;male;25;169,45;65,4;yes;CCCC;11;4;Jack Sparrow;cutlass;1;1,89;16;Up
666;female;28;170,65;67,3;no;CCCC;6;2;Hook;sabre;1;1,87;0;Monsters University
667;male;21;182,91;80,6;yes;CCCC;7;1;Jack Sparrow;cutlass;1;1,06;21;Inside Out
668;male;15;148,68;49,7;no;CCCC;7;0;Jack Sparrow;scimitar;1;0,51;22;Up
669;female;28;140,39;44,6;yes;CCCC;13;10;Anicetus;cutlass;0;0,1;0;Brave
670;male;22;170,11;69,5;no;CCCC;1;1;Jack Sparrow;cutlass;1;0,1;12;Inside Out
671;male;27;191,95;84,7;yes;CCCC;10;3;Hook;cutlass;1;0,26;23;Inside Out
672;female;21;162,6;61,5;yes;CCCC;8;2;Hook;cutlass;1;0,63;0;A Bug's Life
673;female;34;159,83;60,1;yes;JSSFP;9;1;Hook;cutlass;1;0,1;0;Toy Story
674;female;24;157,72;64,8;no;CCCC;3;4;Hook;banana;1;106,74;0;Monsters University
675;female;32;159,13;62,8;yes;JSSFP;8;3;Anicetus;cutlass;1;0,74;1;Inside Out
676;female;25;147,98;54,9;yes;CCCC;11;1;Lewis Scot;cutlass;0;0,19;0;The Incredibles
677;male;27;160,64;60;yes;CCCC;10;1;Edward Low;cutlass;0;4,22;8;Finding Nemo
678;male;30;189,52;89;yes;JSSFP;6;6;Lewis Scot;cutlass;0;0,07;20;Finding Nemo
679;male;24;160,54;57,3;yes;CCCC;10;2;Jack Sparrow;cutlass;0;0,79;25;Up
680;female;25;166,28;64,7;no;CCCC;5;5;Lewis Scot;scimitar;1;3,97;0;Inside Out
681;female;25;149,05;54,1;yes;CCCC;12;2;Anicetus;cutlass;0;0,27;1;Cars
682;female;34;177,88;77,2;yes;JSSFP;12;5;Edward Low;cutlass;1;0,03;0;Inside Out
683;female;30;163,22;67,8;yes;JSSFP;16;2;Jack Sparrow;cutlass;1;0,05;1;Inside Out
684;male;19;186,63;85,6;yes;CCCC;7;4;Jack Sparrow;cutlass;1;1,1;25;Inside Out
685;male;23;165,21;71,2;yes;CCCC;10;3;Edward Low;cutlass;1;0,28;17;Toy Story
686;male;22;182,73;76,1;no;CCCC;3;2;Jack Sparrow;banana;1;169,88;9;Inside Out
687;male;24;175,74;70,2;yes;CCCC;14;1;Jack Sparrow;cutlass;1;0,33;18;Inside Out
688;female;30;164,3;60,6;yes;CCCC;9;1;Lewis Scot;cutlass;1;0,65;0;Inside Out
689;other;23;178,24;72,4;yes;CCCC;9;1;Blackbeard;cutlass;1;2,09;18;Monsters University
690;female;32;156,46;53,4;no;JSSFP;11;2;Blackbeard;sabre;0;1,51;1;Finding Nemo
691;male;27;168,4;65,2;no;CCCC;4;11;Jack Sparrow;sabre;1;0,58;14;Cars 2
692;female;31;152,9;53,3;yes;JSSFP;10;12;Hook;cutlass;1;0,13;1;Cars 2
693;female;30;154,28;57,2;yes;CCCC;9;0;Anicetus;cutlass;1;0,22;1;Up
694;female;28;155,49;53;yes;JSSFP;11;3;Blackbeard;sabre;0;8,08;1;Finding Nemo
695;female;24;171,87;67,2;yes;CCCC;6;1;Edward Low;cutlass;1;0,29;2;Inside Out
696;male;28;182,34;78,8;yes;JSSFP;10;6;Jack Sparrow;cutlass;1;2,13;23;Inside Out
697;female;30;162,41;60,9;yes;CCCC;11;1;Hook;scimitar;1;4,46;1;The Incredibles
698;female;26;166,38;69,3;yes;CCCC;10;17;Jack Sparrow;cutlass;0;0,1;0;Up
699;female;24;159,75;61,2;no;CCCC;2;0;Hook;banana;0;12,58;1;Up
700;male;18;177,63;76,9;yes;CCCC;8;1;Jack Sparrow;cutlass;1;0,05;15;WALL-E
701;other;25;163,49;57,6;no;CCCC;5;3;Lewis Scot;sabre;0;3,74;16;WALL-E
702;male;27;181,46;75,9;yes;CCCC;12;3;Jack Sparrow;cutlass;1;0,22;24;Inside Out
703;other;32;187,61;89,3;yes;JSSFP;12;3;Blackbeard;cutlass;1;0,03;21;Brave
704;female;34;153,29;56,4;yes;JSSFP;10;6;Edward Low;cutlass;1;0,02;0;The Incredibles
705;female;46;163,56;60,2;yes;JSSFP;10;1;Edward Low;cutlass;0;1,2;0;Monsters University
706;female;27;161,69;62,9;yes;CCCC;13;0;Anicetus;cutlass;1;3,48;0;Toy Story
707;female;33;161,15;64,1;yes;JSSFP;13;5;Blackbeard;cutlass;1;0,21;1;WALL-E
708;other;29;165,81;68,7;yes;CCCC;8;2;Edward Low;cutlass;0;1,11;13;The Incredibles
709;female;32;162,11;59,8;yes;JSSFP;13;2;Jack Sparrow;cutlass;0;0,4;0;Finding Nemo
710;female;28;177,45;74,5;yes;CCCC;15;2;Blackbeard;cutlass;1;0,45;2;Up
711;male;31;177,72;76,9;yes;JSSFP;9;0;Anicetus;cutlass;1;0,13;19;Cars
712;female;36;164,93;64,9;yes;JSSFP;16;1;Edward Low;cutlass;1;0,47;0;Cars
713;male;20;164,98;63,3;no;CCCC;2;1;Edward Low;scimitar;0;15,3;13;Brave
714;male;23;174,99;76;yes;CCCC;9;4;Jack Sparrow;cutlass;1;0,21;23;Inside Out
715;male;19;176,9;74,3;yes;CCCC;11;0;Jack Sparrow;cutlass;1;0,12;15;Toy Story 3
716;other;26;171,33;69,3;yes;CCCC;16;1;Blackbeard;cutlass;1;0,94;34;Brave
717;female;36;172,95;78,4;no;JSSFP;5;0;Lewis Scot;banana;1;2,93;0;Cars 2
718;female;32;155,31;61,9;no;JSSFP;5;2;Blackbeard;banana;1;60,13;0;Up
719;female;23;143,47;49,6;yes;CCCC;8;2;Edward Low;cutlass;1;1,89;2;Inside Out
720;male;24;170,63;78,7;yes;CCCC;6;0;Jack Sparrow;cutlass;0;1,18;15;Cars 2
721;male;28;165,89;62;yes;CCCC;8;1;Jack Sparrow;cutlass;1;0,41;18;Monsters, Inc.
722;female;26;188,11;80,4;yes;CCCC;10;2;Lewis Scot;cutlass;1;0,33;0;Inside Out
723;male;24;168,15;74,4;yes;CCCC;13;2;Anicetus;cutlass;1;0,92;25;Inside Out
724;female;31;161,87;65;yes;JSSFP;10;1;Anicetus;cutlass;1;0,36;0;Inside Out
725;male;19;184,24;82,4;yes;CCCC;8;0;Jack Sparrow;cutlass;1;0,11;10;Inside Out
726;male;24;177,35;73,9;yes;CCCC;10;2;Jack Sparrow;sabre;1;1,18;8;Inside Out
727;male;23;149,67;50,8;yes;CCCC;13;2;Jack Sparrow;cutlass;1;0,15;26;Up
728;female;22;153,69;51,6;yes;CCCC;11;2;Blackbeard;cutlass;1;0,06;0;Inside Out
729;other;27;178,26;83,1;yes;CCCC;10;0;Hook;cutlass;0;0,31;13;Monsters, Inc.
730;female;24;148,61;54,3;yes;CCCC;13;1;Jack Sparrow;cutlass;1;0,78;1;Inside Out
731;female;31;153,31;54,4;yes;JSSFP;16;3;Blackbeard;cutlass;1;0,05;0;Up
732;male;20;169,84;69,9;no;CCCC;3;1;Jack Sparrow;banana;1;30,45;11;Inside Out
733;male;25;189,06;87,6;yes;CCCC;10;1;Jack Sparrow;cutlass;1;0,61;16;The Incredibles
734;male;28;185,51;89,2;yes;CCCC;7;4;Jack Sparrow;cutlass;1;0,36;21;Toy Story
735;female;24;179,7;76,7;yes;CCCC;7;2;Blackbeard;cutlass;1;1,02;0;WALL-E
736;female;26;161,2;63,3;yes;JSSFP;4;3;Hook;cutlass;1;0,15;0;The Incredibles
737;female;39;168,21;66;yes;JSSFP;7;2;Lewis Scot;cutlass;0;1,4;0;Monsters University
738;male;23;153,65;51;yes;CCCC;5;4;Jack Sparrow;cutlass;0;0,59;20;Finding Nemo
739;male;25;182,71;89,1;yes;CCCC;13;2;Jack Sparrow;cutlass;1;1,62;20;Inside Out
740;female;28;175,89;72,4;no;CCCC;1;2;Edward Low;sabre;0;2,72;0;Finding Nemo
741;female;26;172,2;73,6;yes;CCCC;11;3;Jack Sparrow;cutlass;1;0,41;1;Inside Out
742;male;39;157,72;61,6;yes;JSSFP;8;1;Jack Sparrow;scimitar;0;2,46;18;Finding Nemo
743;male;34;163,46;59,5;yes;JSSFP;12;1;Anicetus;cutlass;1;0,12;18;Monsters, Inc.
744;female;34;166,6;69,3;yes;JSSFP;11;2;Anicetus;cutlass;0;0,94;1;Finding Nemo
745;female;31;154,81;59;yes;CCCC;14;1;Anicetus;cutlass;1;0,33;0;Inside Out
746;female;39;192,84;86,3;yes;JSSFP;12;1;Edward Low;cutlass;1;0,51;1;Monsters University
747;male;23;188,65;87,3;yes;CCCC;8;3;Jack Sparrow;cutlass;0;1,83;5;Finding Nemo
748;female;26;160,9;61,3;no;CCCC;6;5;Blackbeard;cutlass;1;0,42;0;Inside Out
749;male;21;180,78;75,4;yes;CCCC;9;11;Jack Sparrow;sabre;1;5,64;18;Inside Out
750;female;31;155,42;62,2;yes;JSSFP;10;11;Jack Sparrow;cutlass;1;1,43;0;Inside Out
751;female;29;157,6;59,5;yes;JSSFP;6;5;Lewis Scot;cutlass;0;0,82;0;Finding Nemo
752;female;28;151,81;54,9;yes;JSSFP;5;0;Lewis Scot;cutlass;1;0,24;0;The Incredibles
753;other;29;171,45;67,8;yes;CCCC;11;1;Edward Low;cutlass;1;0,41;9;Inside Out
754;other;22;181,8;82,1;yes;CCCC;9;8;Hook;cutlass;0;0,64;9;Monsters, Inc.
755;female;22;154,62;57,3;yes;CCCC;13;2;Edward Low;cutlass;0;0,04;0;Up
756;female;29;152,83;60,3;yes;JSSFP;13;5;Lewis Scot;cutlass;0;0,37;0;Finding Nemo
757;male;28;172,5;66;yes;CCCC;5;1;Jack Sparrow;cutlass;1;0,34;25;Monsters, Inc.
758;male;26;177,6;78,9;yes;CCCC;11;1;Jack Sparrow;cutlass;1;0,07;24;Inside Out
759;male;22;171,86;74,3;no;CCCC;4;0;Jack Sparrow;banana;1;21,12;11;Inside Out
760;male;29;180,31;79;yes;CCCC;17;2;Jack Sparrow;cutlass;1;0,07;26;Inside Out
761;female;33;146,31;49,4;yes;CCCC;11;6;Blackbeard;cutlass;1;0,38;0;Inside Out
762;male;30;143,93;47,4;yes;CCCC;11;2;Jack Sparrow;cutlass;1;1,58;15;Inside Out
763;female;29;177,49;75;yes;JSSFP;10;12;Lewis Scot;cutlass;1;0,64;0;A Bug's Life
764;male;32;165,65;64,2;yes;CCCC;5;3;Jack Sparrow;cutlass;1;1,79;11;Inside Out
765;male;32;160,14;61,4;yes;JSSFP;11;2;Jack Sparrow;cutlass;1;0,47;18;Cars
766;male;30;171,2;63,3;yes;JSSFP;6;3;Anicetus;cutlass;1;0,74;15;Monsters University
767;male;24;181,82;77,8;yes;CCCC;5;2;Jack Sparrow;cutlass;0;0,1;8;Finding Nemo
768;male;24;172,04;75,6;yes;CCCC;7;0;Jack Sparrow;cutlass;1;0,67;18;Inside Out
769;female;25;173,96;71,7;yes;CCCC;10;2;Jack Sparrow;cutlass;0;1,09;1;Finding Nemo
770;female;30;168,19;61,7;no;JSSFP;5;6;Lewis Scot;scimitar;1;7,6;0;Monsters University
771;female;29;158,58;51,8;yes;CCCC;9;4;Anicetus;cutlass;0;0,57;0;Cars
772;female;18;160,93;61,9;yes;CCCC;12;1;Edward Low;cutlass;0;0;1;Finding Nemo
773;female;27;178,72;69;yes;CCCC;6;1;Blackbeard;cutlass;1;0,25;1;Inside Out
774;female;43;169,37;62;no;JSSFP;6;7;Blackbeard;sabre;1;4,73;0;Up
775;male;14;179,04;78,2;yes;CCCC;7;1;Jack Sparrow;cutlass;0;0,59;16;Finding Nemo
776;male;27;192,28;87,5;yes;CCCC;7;0;Jack Sparrow;cutlass;0;0,84;16;Finding Nemo
777;male;29;166,85;74,5;yes;CCCC;9;1;Blackbeard;cutlass;0;0,46;18;Up
778;male;23;171,51;74,2;yes;CCCC;10;8;Jack Sparrow;cutlass;1;1,59;31;WALL-E
779;male;22;175,19;68,9;yes;CCCC;7;2;Edward Low;cutlass;1;1,42;22;Toy Story 2
780;female;34;147,01;47,9;yes;JSSFP;5;1;Hook;scimitar;1;1,09;0;WALL-E
781;female;25;157,17;63,7;no;CCCC;6;4;Jack Sparrow;banana;1;37,12;0;Up
782;male;18;167,27;62,6;yes;CCCC;8;1;Blackbeard;cutlass;1;0,1;17;Up
783;other;29;166,24;62,2;no;CCCC;10;3;Lewis Scot;banana;0;1,94;17;WALL-E
784;male;14;177,11;79,8;yes;CCCC;9;0;Jack Sparrow;cutlass;1;0,11;15;Inside Out
785;male;20;158,96;58,9;yes;CCCC;13;0;Jack Sparrow;cutlass;1;0,45;23;Inside Out
786;male;25;190,64;84,5;yes;CCCC;9;11;Jack Sparrow;cutlass;1;2,42;9;WALL-E
787;female;19;142,24;47,2;yes;CCCC;14;4;Edward Low;sabre;1;1,14;1;Inside Out
788;male;21;185,86;77,5;no;CCCC;1;2;Edward Low;sabre;1;1,16;15;Toy Story 3
789;male;27;185,37;85,8;yes;CCCC;6;0;Jack Sparrow;cutlass;0;0,01;15;Up
790;female;25;147,38;44,7;yes;CCCC;12;1;Lewis Scot;cutlass;1;1,23;0;WALL-E
791;male;28;189,83;84,1;yes;CCCC;8;3;Jack Sparrow;cutlass;1;1,11;23;Up
792;female;33;165,06;64,2;yes;JSSFP;9;2;Anicetus;cutlass;0;1,24;1;Finding Nemo
793;male;25;209,06;103,7;yes;CCCC;8;9;Anicetus;cutlass;1;1,11;16;Monsters University
794;female;35;143,86;41,3;yes;JSSFP;8;1;Edward Low;cutlass;1;0,88;0;Inside Out
795;other;27;157,97;56,5;yes;CCCC;8;2;Lewis Scot;cutlass;1;0,42;13;Toy Story
796;female;30;163,89;64;yes;CCCC;14;1;Edward Low;cutlass;1;0,3;0;Inside Out
797;female;35;160,42;62,5;no;JSSFP;3;2;Blackbeard;scimitar;1;8,43;0;Inside Out
798;male;28;178,36;73;yes;CCCC;11;2;Lewis Scot;cutlass;1;0,87;22;Monsters University
799;female;22;175,28;69,6;yes;CCCC;5;0;Anicetus;cutlass;0;0,81;0;Finding Nemo
800;female;41;169,78;71,8;yes;JSSFP;15;1;Edward Low;cutlass;0;0,83;0;A Bug's Life
801;female;33;155,72;61,7;yes;JSSFP;5;0;Lewis Scot;cutlass;0;1,25;0;WALL-E
802;female;33;159,28;59,2;yes;JSSFP;8;3;Anicetus;cutlass;1;1,51;0;Inside Out
803;female;31;155,94;62,1;yes;JSSFP;7;6;Edward Low;scimitar;1;7,52;0;Inside Out
804;male;20;179,35;78,3;yes;CCCC;12;1;Jack Sparrow;cutlass;1;0,11;13;Inside Out
805;female;26;161,85;59,4;yes;CCCC;17;0;Hook;scimitar;1;3,69;1;Cars
806;other;24;168,07;71,1;no;CCCC;7;0;Blackbeard;cutlass;0;0,07;17;Up
807;male;15;187,44;81,9;yes;CCCC;11;0;Edward Low;cutlass;1;1,5;20;A Bug's Life
808;female;36;170,98;68,5;yes;JSSFP;11;3;Edward Low;cutlass;0;0,17;0;WALL-E
809;male;25;177,83;73,7;yes;CCCC;0;6;Jack Sparrow;cutlass;1;0,14;7;Inside Out
810;female;33;179,04;77,6;yes;JSSFP;13;3;Edward Low;cutlass;1;0,16;1;Inside Out
811;male;20;187,91;86,7;yes;CCCC;3;1;Jack Sparrow;cutlass;1;0,81;10;Monsters University
812;male;23;179,41;82,9;yes;CCCC;11;5;Blackbeard;cutlass;1;1,66;15;Monsters University
813;male;25;181,28;77,3;yes;CCCC;11;1;Lewis Scot;cutlass;0;0,81;25;Monsters, Inc.
814;female;27;151,08;52,1;yes;CCCC;4;0;Anicetus;sabre;1;0,5;0;The Incredibles
815;female;27;167,69;67,7;yes;CCCC;12;3;Lewis Scot;cutlass;1;0,24;0;Inside Out
816;male;32;176,72;70,7;yes;JSSFP;13;3;Jack Sparrow;cutlass;1;0,56;26;The Incredibles
817;male;20;169,9;69,7;yes;CCCC;10;2;Jack Sparrow;cutlass;1;1,18;28;WALL-E
818;female;32;146,13;53,3;yes;JSSFP;9;4;Hook;cutlass;1;0,87;1;Brave
819;female;27;168,58;64,8;yes;CCCC;6;5;Edward Low;cutlass;0;1,26;0;Inside Out
820;male;17;186,2;78,8;yes;CCCC;9;6;Hook;cutlass;1;0,42;20;Inside Out
821;male;23;167,25;62,9;yes;CCCC;10;1;Jack Sparrow;cutlass;1;0,26;27;Inside Out
822;male;19;182,55;74,3;yes;CCCC;14;3;Anicetus;cutlass;0;0,69;27;Finding Nemo
823;male;28;178,58;77,8;yes;JSSFP;9;5;Jack Sparrow;cutlass;1;0,86;11;Inside Out
824;female;30;159,42;63,8;no;CCCC;1;2;Blackbeard;scimitar;0;2,88;0;Monsters University
825;female;29;152,55;60,6;yes;CCCC;11;2;Anicetus;cutlass;1;0,35;0;Monsters, Inc.
826;male;25;183,13;79,2;yes;CCCC;6;6;Jack Sparrow;cutlass;1;0,5;21;The Incredibles
827;male;35;189,81;91,9;yes;JSSFP;16;1;Jack Sparrow;cutlass;1;0,03;21;Up
828;female;28;150,14;52,4;yes;CCCC;15;1;Anicetus;cutlass;0;0,06;1;Monsters University
829;female;25;179,84;68,9;yes;CCCC;9;1;Blackbeard;cutlass;1;0,53;1;Monsters University
830;male;24;184,65;82,1;yes;CCCC;14;3;Jack Sparrow;cutlass;1;1,5;19;Inside Out
831;female;35;167,51;72,1;yes;JSSFP;9;3;Lewis Scot;cutlass;0;0,71;0;Up
832;male;12;177,71;70,2;yes;CCCC;11;2;Jack Sparrow;cutlass;1;0,62;21;Up
833;other;40;173,03;67,1;no;JSSFP;8;0;Hook;sabre;1;2,24;7;Inside Out
834;female;34;155,93;57,8;yes;JSSFP;11;3;Hook;cutlass;0;0,49;2;Up
835;female;38;175,99;75,7;yes;JSSFP;11;0;Edward Low;cutlass;1;1,08;0;Inside Out
836;male;32;170,21;66,9;yes;JSSFP;11;3;Jack Sparrow;cutlass;1;1,52;16;Inside Out
837;male;24;188;89,8;yes;CCCC;11;1;Jack Sparrow;cutlass;1;0,41;17;Monsters, Inc.
838;female;27;148,49;52,8;yes;CCCC;15;0;Blackbeard;cutlass;0;1,36;0;Finding Nemo
839;female;32;168,1;71,1;yes;JSSFP;11;4;Lewis Scot;cutlass;1;0,29;0;Inside Out
840;male;30;180,14;78,8;yes;CCCC;14;2;Jack Sparrow;cutlass;1;1,61;25;WALL-E
841;male;24;184,44;80,7;yes;CCCC;7;6;Jack Sparrow;cutlass;1;0,59;16;Up
842;female;33;163,2;56,6;yes;JSSFP;9;0;Anicetus;cutlass;0;0,78;0;Monsters University
843;male;26;175,82;77,3;no;CCCC;3;1;Jack Sparrow;sabre;1;10,4;16;WALL-E
844;female;33;164,46;61,5;yes;JSSFP;11;6;Jack Sparrow;cutlass;1;0,39;0;Inside Out
845;other;21;159,73;68,7;no;CCCC;2;0;Edward Low;banana;1;6,12;3;Monsters University
846;male;25;177,18;73,7;no;CCCC;0;1;Jack Sparrow;sabre;0;0,76;8;Monsters University
847;female;39;159,51;52,5;no;JSSFP;2;1;Lewis Scot;banana;0;30,11;0;Brave
848;female;43;156,35;55,5;yes;JSSFP;9;1;Blackbeard;cutlass;0;0,34;0;Finding Nemo
849;male;28;196,88;98,5;no;CCCC;1;5;Jack Sparrow;sabre;1;6,29;12;Inside Out
850;female;36;172,51;69,7;yes;JSSFP;6;6;Hook;cutlass;1;1,2;0;A Bug's Life
851;female;27;164,02;66,1;yes;CCCC;10;2;Jack Sparrow;cutlass;0;0,04;1;Finding Nemo
852;male;24;181,4;76,6;yes;CCCC;13;0;Lewis Scot;cutlass;1;0,8;14;Inside Out
853;female;26;165,18;71,8;yes;CCCC;13;1;Edward Low;cutlass;1;0,1;0;Up
854;female;25;130,41;37,7;yes;CCCC;14;2;Lewis Scot;cutlass;1;0,96;2;Monsters University
855;male;22;169,17;64,1;no;CCCC;5;1;Jack Sparrow;banana;1;27,32;6;Inside Out
856;female;35;160,58;57,6;yes;JSSFP;6;1;Blackbeard;cutlass;1;0,44;0;Brave
857;other;26;166,99;61;yes;CCCC;14;0;Hook;cutlass;0;0,52;17;Cars
858;male;15;191,37;84,1;yes;CCCC;14;0;Jack Sparrow;cutlass;1;0,36;26;Inside Out
859;female;34;152,17;53,2;yes;JSSFP;13;7;Hook;cutlass;1;1,23;0;Up
860;male;29;182,23;69;yes;JSSFP;8;3;Jack Sparrow;cutlass;0;0,23;21;Finding Nemo
861;female;30;163,92;62,1;no;JSSFP;1;6;Hook;sabre;1;8,93;0;Inside Out
862;male;30;174,42;68,1;yes;CCCC;8;1;Jack Sparrow;cutlass;0;0,42;13;Monsters University
863;female;30;166,17;66;yes;JSSFP;10;2;Edward Low;cutlass;1;0,81;0;Up
864;male;20;177,65;77,7;yes;CCCC;12;0;Jack Sparrow;cutlass;1;1,86;19;Inside Out
865;male;22;183,98;75;yes;CCCC;9;4;Jack Sparrow;cutlass;1;0,59;22;Inside Out
866;male;23;172,6;70,2;yes;CCCC;15;1;Jack Sparrow;cutlass;1;0,38;22;WALL-E
867;female;22;149,67;47,4;yes;CCCC;10;0;Jack Sparrow;cutlass;0;1,31;2;Up
868;male;26;185,37;87,2;yes;CCCC;10;4;Hook;cutlass;1;1,81;22;Inside Out
869;female;31;168,02;69,7;yes;JSSFP;9;6;Hook;cutlass;1;1,4;0;The Incredibles
870;male;35;174,08;79,7;yes;JSSFP;10;2;Hook;cutlass;0;0,21;14;Up
871;male;27;168,93;73,2;yes;CCCC;10;1;Jack Sparrow;cutlass;1;0,27;22;Inside Out
872;male;24;168,9;68,9;yes;CCCC;15;2;Lewis Scot;cutlass;0;1,31;32;Monsters, Inc.
873;female;28;177,21;74,3;yes;CCCC;11;1;Anicetus;cutlass;1;0,45;0;Up
874;male;22;191,08;88,2;yes;CCCC;14;1;Jack Sparrow;cutlass;1;1,05;22;Inside Out
875;male;27;180,87;82,5;yes;CCCC;12;4;Anicetus;cutlass;0;0,04;14;Inside Out
876;male;27;189,03;89,9;yes;CCCC;8;5;Jack Sparrow;cutlass;0;0,06;23;Monsters University
877;male;26;168,35;60,1;yes;CCCC;8;0;Jack Sparrow;cutlass;1;0,08;18;Monsters University
878;female;34;162,37;55,4;yes;JSSFP;8;1;Jack Sparrow;cutlass;1;0,12;0;Up
879;male;32;177,98;70,6;yes;CCCC;9;6;Jack Sparrow;cutlass;1;0,17;19;WALL-E
880;female;36;168,91;66,1;yes;JSSFP;9;4;Jack Sparrow;cutlass;0;1,48;1;Finding Nemo
881;male;13;182,28;85,5;no;CCCC;5;3;Jack Sparrow;sabre;0;3,32;6;Finding Nemo
882;female;28;176,07;71,4;yes;CCCC;13;2;Anicetus;cutlass;1;0,63;0;Inside Out
883;female;37;156;55,7;yes;JSSFP;9;5;Hook;cutlass;1;0,11;1;Monsters, Inc.
884;female;30;158,57;58,4;yes;CCCC;11;0;Lewis Scot;sabre;1;3,27;0;Up
885;male;25;178,38;70,2;yes;CCCC;12;1;Jack Sparrow;cutlass;0;0,99;23;Finding Nemo
886;female;27;168,83;71,4;yes;CCCC;8;1;Edward Low;cutlass;1;0,14;1;Finding Nemo
887;male;26;168,8;70,6;yes;CCCC;17;2;Jack Sparrow;cutlass;0;0,22;30;Finding Nemo
888;female;30;156,03;61,9;yes;JSSFP;9;1;Anicetus;cutlass;0;0,01;0;A Bug's Life
889;male;28;171,67;68;yes;CCCC;12;1;Jack Sparrow;scimitar;0;3,03;21;Finding Nemo
890;male;31;168,52;66,7;yes;JSSFP;12;3;Jack Sparrow;cutlass;0;1,01;17;Finding Nemo
891;female;37;177,33;79,2;yes;JSSFP;8;3;Blackbeard;cutlass;1;0,2;0;WALL-E
892;female;29;162,57;66,5;yes;JSSFP;8;4;Hook;cutlass;1;0,26;0;Up
893;other;22;164,51;59,9;yes;CCCC;7;1;Anicetus;cutlass;1;0,35;13;Up
894;other;32;164,08;70,8;yes;CCCC;10;9;Hook;cutlass;1;0,67;20;Inside Out
895;male;27;200,59;102,6;yes;CCCC;12;1;Hook;cutlass;1;2,29;25;Brave
896;male;29;181,02;77,9;yes;CCCC;11;2;Jack Sparrow;cutlass;1;0,09;22;Monsters University
897;male;27;187,79;84,1;yes;CCCC;12;2;Jack Sparrow;cutlass;0;2,03;22;The Incredibles
898;female;32;166,83;64,2;yes;JSSFP;8;1;Jack Sparrow;cutlass;0;0,25;0;WALL-E
899;female;28;150,52;46,9;yes;CCCC;13;4;Hook;cutlass;1;0,18;0;Inside Out
900;male;27;167,9;67,9;yes;CCCC;6;3;Jack Sparrow;cutlass;0;0,97;7;WALL-E
901;male;25;183,46;82,8;yes;CCCC;6;1;Jack Sparrow;cutlass;1;0;28;Up
902;female;39;150,61;48,9;yes;JSSFP;10;2;Lewis Scot;cutlass;1;1,12;0;Inside Out
903;male;29;171,68;66,4;no;CCCC;2;2;Jack Sparrow;scimitar;0;1,11;13;The Incredibles
904;female;34;145,48;57,6;yes;JSSFP;13;0;Jack Sparrow;cutlass;1;0,98;1;The Incredibles
905;male;22;178,36;73,3;yes;CCCC;14;8;Edward Low;cutlass;0;0,12;29;Finding Nemo
906;other;23;168,23;73,2;yes;CCCC;10;4;Edward Low;cutlass;1;0,26;15;Inside Out
907;female;31;185,29;78,6;yes;JSSFP;12;2;Edward Low;cutlass;0;0,1;1;Finding Nemo
908;male;34;172,69;73,4;yes;JSSFP;9;5;Jack Sparrow;cutlass;0;1,87;22;Toy Story 2
909;female;25;171,83;77,5;no;CCCC;5;3;Blackbeard;scimitar;1;0,31;0;Monsters, Inc.
910;male;19;187,63;82,7;yes;CCCC;11;9;Jack Sparrow;cutlass;1;0,24;17;Monsters University
911;female;40;170,56;72,1;no;JSSFP;9;1;Hook;banana;1;56,95;1;Up
912;female;33;148,03;53,7;yes;JSSFP;12;3;Edward Low;cutlass;1;0,3;1;Inside Out
913;male;22;184,21;85,1;yes;CCCC;9;1;Jack Sparrow;cutlass;1;0,43;18;Monsters University
914;female;28;172,55;68,9;yes;CCCC;7;0;Lewis Scot;cutlass;1;0,25;0;Monsters, Inc.
915;female;27;162,49;60,4;yes;CCCC;9;1;Lewis Scot;cutlass;1;0,79;0;Toy Story 2
916;female;23;166,75;62,2;yes;CCCC;8;1;Jack Sparrow;cutlass;1;1,31;0;Inside Out
917;female;29;155,76;56,1;yes;CCCC;16;1;Jack Sparrow;cutlass;1;0,34;0;The Incredibles
918;male;30;184,57;74;yes;CCCC;9;8;Anicetus;cutlass;0;1,23;20;WALL-E
919;male;19;177,11;77,3;yes;CCCC;10;4;Jack Sparrow;cutlass;0;1,1;22;Finding Nemo
920;female;30;173,19;68,3;yes;CCCC;6;0;Lewis Scot;cutlass;1;0,03;0;A Bug's Life
921;female;27;172,45;73,1;yes;CCCC;8;1;Lewis Scot;cutlass;1;0,1;1;Up
922;male;25;181,83;72,5;yes;CCCC;11;0;Jack Sparrow;sabre;0;1,6;16;Monsters University
923;male;27;183,6;83,6;yes;CCCC;5;6;Jack Sparrow;sabre;1;9,76;22;Inside Out
924;female;27;170,04;70,9;yes;CCCC;7;1;Hook;cutlass;0;0,08;1;Cars
925;male;22;186;83,1;yes;CCCC;10;6;Jack Sparrow;cutlass;0;0,49;18;Up
926;female;35;174,94;78,5;yes;JSSFP;16;3;Blackbeard;cutlass;1;1,95;0;Up
927;male;35;181,24;73,8;yes;JSSFP;12;8;Jack Sparrow;cutlass;1;0,05;12;Up
928;female;23;148,59;46,3;yes;CCCC;10;2;Edward Low;cutlass;1;1,22;0;Up
929;male;23;182,25;84,9;yes;CCCC;9;2;Jack Sparrow;cutlass;1;1,01;26;Inside Out
930;male;19;174,29;71,9;yes;CCCC;15;1;Jack Sparrow;scimitar;1;3,65;22;Cars
931;male;17;148,35;54;no;CCCC;0;3;Edward Low;sabre;0;5,8;21;Finding Nemo
932;female;28;171,6;70,7;no;JSSFP;8;1;Anicetus;banana;0;2,73;0;Finding Nemo
933;male;22;177,07;72,8;yes;CCCC;8;7;Jack Sparrow;cutlass;1;0,56;24;Inside Out
934;female;29;175,45;81,6;yes;JSSFP;12;2;Anicetus;cutlass;1;0,3;1;Monsters University
935;female;26;168,68;68,3;yes;CCCC;7;5;Lewis Scot;cutlass;0;0,82;0;Toy Story 2
936;male;34;189,43;80,9;no;JSSFP;2;8;Hook;sabre;1;22,92;21;Toy Story
937;male;22;186,93;84,7;yes;CCCC;14;0;Jack Sparrow;cutlass;1;0,11;24;Inside Out
938;male;28;176,22;69,9;yes;CCCC;5;6;Lewis Scot;cutlass;1;0,5;8;Inside Out
939;male;26;161,43;67,5;yes;CCCC;12;13;Jack Sparrow;cutlass;1;0,07;16;Inside Out
940;male;27;185,14;83,1;yes;CCCC;9;7;Jack Sparrow;cutlass;1;0,46;24;Brave
941;male;30;173,76;75,9;yes;CCCC;11;0;Jack Sparrow;cutlass;1;0,56;24;Monsters University
942;female;38;160,88;58,6;yes;JSSFP;8;1;Hook;cutlass;1;0,19;0;Inside Out
943;male;30;168,94;63,2;yes;JSSFP;16;1;Jack Sparrow;cutlass;1;1,02;26;Inside Out
944;male;21;173,96;74,4;yes;CCCC;11;0;Anicetus;cutlass;1;0,21;13;Brave
945;male;28;185,99;85,7;yes;JSSFP;11;3;Edward Low;cutlass;0;0,57;17;Finding Nemo
946;male;24;156,8;52,7;yes;CCCC;11;1;Jack Sparrow;cutlass;0;0,61;18;Toy Story 2
947;male;21;164,54;66,4;yes;CCCC;2;1;Jack Sparrow;cutlass;0;1,55;9;Toy Story 2
948;female;25;159,39;67,9;yes;CCCC;11;2;Blackbeard;cutlass;0;0,62;0;A Bug's Life
949;female;33;158,37;55,9;yes;JSSFP;10;5;Lewis Scot;cutlass;0;0,27;0;Up
950;female;33;153,77;54,8;yes;JSSFP;11;1;Hook;cutlass;0;0,26;0;The Incredibles
951;male;24;174,31;73,5;yes;CCCC;9;0;Jack Sparrow;cutlass;1;1,44;16;Inside Out
952;male;23;183,57;74,7;yes;CCCC;12;2;Jack Sparrow;cutlass;1;0,19;24;The Incredibles
953;female;25;161,37;61,6;yes;CCCC;11;3;Edward Low;cutlass;1;0,08;0;Monsters, Inc.
954;male;32;190,91;85,4;yes;JSSFP;14;5;Edward Low;cutlass;0;0,3;24;Finding Nemo
955;male;25;190,45;89,2;yes;CCCC;13;0;Edward Low;cutlass;1;0,1;33;Inside Out
956;female;28;159,25;65,2;yes;CCCC;9;4;Jack Sparrow;cutlass;1;2,25;0;Monsters, Inc.
957;male;29;184,08;78,4;yes;JSSFP;13;1;Jack Sparrow;cutlass;1;1,39;22;Monsters, Inc.
958;female;26;177,58;82,4;yes;CCCC;9;3;Lewis Scot;cutlass;0;0,71;0;Finding Nemo
959;female;33;155,14;59;yes;JSSFP;8;10;Lewis Scot;cutlass;1;0,68;0;Inside Out
960;male;16;170,67;76,3;yes;CCCC;8;1;Jack Sparrow;sabre;0;3,3;16;The Incredibles
961;female;29;181,33;71,2;yes;CCCC;13;2;Lewis Scot;cutlass;1;0,21;0;Inside Out
962;female;30;151,54;56,5;yes;JSSFP;9;3;Lewis Scot;cutlass;0;0,18;1;WALL-E
963;male;19;147,74;59,9;yes;CCCC;11;3;Jack Sparrow;cutlass;1;0,02;16;Brave
964;male;30;172,6;69,2;yes;CCCC;12;0;Jack Sparrow;cutlass;1;2,18;30;A Bug's Life
965;male;24;180,18;76,1;no;CCCC;8;0;Jack Sparrow;sabre;0;3,27;21;Finding Nemo
966;male;26;177,81;74,9;yes;CCCC;11;5;Jack Sparrow;cutlass;0;0,52;27;The Incredibles
967;female;27;162,06;54,9;yes;CCCC;6;0;Edward Low;cutlass;1;0,55;0;Cars 2
968;male;26;176,28;73,6;no;CCCC;6;2;Jack Sparrow;banana;0;9,48;26;Finding Nemo
969;male;23;169,69;67,2;yes;CCCC;11;0;Lewis Scot;cutlass;1;0,44;16;Toy Story
970;male;17;186,2;83,8;yes;CCCC;12;3;Jack Sparrow;cutlass;0;0,92;25;Finding Nemo
971;male;27;179;68,6;yes;CCCC;7;12;Jack Sparrow;cutlass;0;0,78;17;Finding Nemo
972;male;31;177,47;75,5;yes;JSSFP;9;0;Jack Sparrow;cutlass;1;0,05;27;Up
973;male;28;183,56;82,5;yes;CCCC;10;1;Blackbeard;cutlass;1;2,72;19;Inside Out
974;male;31;188,38;82,8;yes;CCCC;14;7;Lewis Scot;cutlass;1;0,18;21;The Incredibles
975;female;35;152,16;58,7;yes;JSSFP;8;16;Blackbeard;cutlass;1;0,7;1;WALL-E
976;male;21;176,95;70,9;yes;CCCC;7;1;Hook;cutlass;1;0,01;20;Inside Out
977;female;29;160,87;65,1;yes;CCCC;14;0;Lewis Scot;cutlass;1;0,4;1;Monsters University
978;male;15;176,33;70,2;yes;CCCC;12;3;Jack Sparrow;cutlass;0;1,22;24;The Incredibles
979;female;19;152,44;54,7;yes;CCCC;11;0;Anicetus;cutlass;0;1,49;0;Finding Nemo
980;female;33;161,61;70,4;yes;JSSFP;12;4;Hook;cutlass;1;1,3;2;Toy Story 2
981;female;32;161,1;56,8;yes;JSSFP;11;1;Lewis Scot;cutlass;1;0,5;1;Inside Out
982;female;30;170,72;67,7;yes;JSSFP;9;6;Blackbeard;cutlass;1;0,11;1;Inside Out
983;male;19;165,42;67,4;yes;CCCC;10;3;Jack Sparrow;scimitar;1;4,05;10;Inside Out
984;female;30;186,3;78,3;yes;CCCC;12;5;Blackbeard;cutlass;1;0,14;0;Up
985;female;27;149,63;48,7;yes;CCCC;11;0;Anicetus;cutlass;1;0,05;2;WALL-E
986;male;27;179,29;79,6;yes;CCCC;13;6;Jack Sparrow;cutlass;0;0,17;30;Finding Nemo
987;female;31;161,65;62,1;yes;JSSFP;15;1;Jack Sparrow;cutlass;0;0,36;0;WALL-E
988;female;32;160,55;64,5;yes;JSSFP;9;2;Jack Sparrow;cutlass;0;1,54;0;Finding Nemo
989;male;23;175,95;81,6;yes;CCCC;17;1;Jack Sparrow;cutlass;1;0,63;25;Inside Out
990;male;29;164,79;63,7;yes;CCCC;10;10;Blackbeard;cutlass;1;0,37;23;Inside Out
991;male;24;186,27;86,9;yes;CCCC;13;3;Jack Sparrow;cutlass;0;0,34;17;Finding Nemo
992;male;26;173,1;73,7;yes;CCCC;13;0;Jack Sparrow;cutlass;0;0,02;23;Finding Nemo
993;female;31;161,17;61,4;no;JSSFP;7;2;Blackbeard;scimitar;1;5,45;1;Up
994;female;37;153,95;65,2;yes;JSSFP;11;2;Jack Sparrow;cutlass;1;1,94;0;Inside Out
995;male;34;172,45;75;yes;JSSFP;9;16;Jack Sparrow;cutlass;1;0,16;18;Toy Story 3
996;male;26;178,83;70,8;yes;CCCC;14;2;Jack Sparrow;cutlass;0;0,46;20;Up
997;female;34;157,2;53,6;yes;JSSFP;13;2;Hook;cutlass;0;0,15;0;Finding Nemo
998;male;36;175,74;72,4;yes;JSSFP;9;14;Jack Sparrow;cutlass;1;1,28;18;The Incredibles
999;male;30;175,24;70,2;yes;JSSFP;9;0;Lewis Scot;cutlass;1;0,21;24;Inside Out
1000;male;30;189,45;84;yes;JSSFP;10;1;Jack Sparrow;cutlass;0;0,95;19;Up
